"ctuid","Popu_2021","PopuDenPerKM","Immigrant%","VM%","1-ParentFam%","MBM%","LIM%","Neet%","%CHN","%Affordable","%ofWP","ShortTerm%"
5350001.00,599,87.8,1.695,31.356,14.286,9.322,13.115,23.077,27.273,27.273,7.5,4.545
5350002.00,604,178,0,1.667,17.143,13.333,15.686,20,50,50,15.789,17.857
5350003.00,457,483.3,14.423,52.381,8.333,6.731,11.364,0,0,0,6.667,12.069
5350004.00,6306,18525.3,8.975,50.55,25,23.942,31.749,23.611,44.154,32.112,10.704,10.243
5350005.00,6957,18483,6.389,47.697,24.161,17.175,28.473,17.629,30.651,29.119,9.444,9.613
5350006.00,119,9224.8,,,,0,0,0,0,0,0,
5350007.01,3402,17018.5,7.29,53.09,18.382,19.462,24.632,24.167,36.678,29.412,9.783,10.802
5350007.02,4422,10174.9,8.005,54.719,26.702,21.147,27.979,20.93,39.81,33.886,10.877,11.833
5350008.01,8480,27425.6,8.901,41.697,5.5,9.857,9.131,9.982,13.609,37.673,4.545,5.331
5350008.02,11591,6052.4,11.438,50.715,12.821,11.179,15.161,12.261,18.443,37.022,8.367,6.569
5350009.00,520,5038.8,10.714,54.386,42.857,23.214,46.667,33.333,47.059,41.176,8.696,15.385
5350010.01,5611,22661.6,4.686,34.041,14.483,8.665,11.663,8.333,14.8,27.6,4.181,5.753
5350010.02,7468,13875.9,5.529,37.733,13.333,11.196,14.493,11.307,22.466,33.425,5.896,4.467
5350011.01,9592,20802.4,8.263,40.368,7.031,11.158,14.129,7.419,12.763,36.937,0,4.054
5350011.02,9746,33875.6,13.306,55.764,6.443,16.404,15.309,8.091,12.89,39.349,0,6.52
5350011.03,6391,27606.9,14.767,58.587,7.724,17.897,15.69,9.671,16.479,42.438,0,6.395
5350012.01,13554,31484.3,17.153,63.29,14.452,17.006,17.368,10.053,16.898,36.111,7.351,7.135
5350012.03,8957,19204.5,17.259,63.929,7.311,14.381,16.041,9.215,13.569,29.926,5.056,4.948
5350012.04,5688,23631.1,15.013,54.513,10.728,13.762,15.083,9.524,15.707,37.173,6.135,4.742
5350013.01,6820,19877.6,11.968,52.863,10.794,12.702,19.032,8.807,19.374,28.376,5.938,4.518
5350013.02,10439,24707.7,15.13,58.501,8.577,12.536,14.794,8.219,11.275,34.15,5.467,6.381
5350014.00,2382,5039.1,10.345,62.529,8.791,26.207,23.642,9.302,18.4,48,8.05,11.923
5350015.00,4922,17209.8,7.49,47.065,10.345,12.639,16.327,9.677,16.541,32.707,7.037,7.246
5350016.00,11144,17641.3,7.469,44.306,10.832,11.526,16.366,16.129,21.079,34.57,6.37,6.581
5350017.01,4787,5964.4,8.504,40.517,14.35,10.991,16.505,16.204,17.578,36.719,0,7.614
5350017.02,8710,15331.8,7.762,52.011,25.547,15.581,23.268,15.367,24.46,28.345,0,8.753
5350018.00,3633,10469.7,4.131,32.194,11.29,9.815,13.149,9.032,17.486,32.787,5.109,7.547
5350019.00,3269,13133.8,2.347,42.812,26.627,14.062,24.49,22.727,25.806,21.774,7.362,8.273
5350020.00,2298,3153.6,1.471,23.69,11.194,6.289,7.391,7.812,0,44.444,2.727,11.696
5350021.00,5192,5693.6,2.742,16.863,16.846,10.196,12.939,14.286,31.985,37.868,6.615,10.165
5350022.00,3847,6936.5,1.816,12.468,13.182,6.744,7.692,11.57,33.333,33.333,4.255,12.903
5350023.00,3374,4916.2,1.794,12.388,10.526,5.672,9.091,2.941,33.333,47.619,4.575,12.545
5350024.00,6891,9715.2,2.639,16.422,13.456,7.478,10.551,16.667,31.604,31.604,5.105,8.458
5350025.00,3553,6724.1,1.975,25.141,18.135,7.345,15.596,13.483,30.968,32.903,6.091,8.805
5350026.00,6409,8246.3,3.047,35.703,17.898,10.469,17.9,21.687,28.571,30.542,7.263,7.095
5350027.00,4405,9076.9,2.174,40.571,17.447,9.371,16.465,14.05,27.82,24.06,7.93,7.018
5350028.01,1290,6268.2,2.632,36.33,13.889,5.243,10.833,0,12.5,31.25,7.018,6.494
5350028.02,5868,12665.7,2.256,31.408,15.094,9.386,16.008,15.484,17.112,24.064,6.567,5.688
5350029.00,6722,9935,2.504,50.417,18.768,12.661,21.622,14.407,32.222,28.519,9.366,9.256
5350030.00,6926,18192.8,7.005,67.102,28.358,12.569,27.474,18.373,22.963,30.123,10.952,10.26
5350031.00,5871,22729.4,7.13,75.686,30.627,16.164,34.477,15.481,27.818,19.664,13.194,12.033
5350032.00,6042,14396,7.411,53.839,25.131,25.804,43.008,15.269,32.136,32.934,12.268,13.102
5350033.00,5515,17255.9,8.821,63.033,30.964,31.715,45.852,16.961,33.682,21.13,13.77,15.476
5350034.01,5337,42867.5,9.69,64.1,13.043,27.1,32.311,7.357,20.349,38.372,9.623,13.148
5350034.02,7992,20070.3,10.065,61.186,17.152,24.436,30.226,12.584,24.74,37.37,10.656,10.162
5350035.00,10506,15853.3,12.321,73.448,16.241,24.546,61.745,10.481,21.195,40.114,4.318,9.738
5350036.00,5685,14827.9,6.818,57.13,16.456,21.435,28.958,11.142,23.077,36.058,9.343,9.589
5350037.00,4802,10647.5,7.063,67.34,19.375,30.079,40.363,14.412,27,39.667,15.459,14.617
5350038.00,3605,9844.3,3.62,53.614,19.531,28.464,39.938,18.325,27.717,26.63,17.91,16.495
5350039.00,4505,14180,5.184,72.57,33.171,19.351,36.427,18.219,27.881,24.164,14.672,11.549
5350040.00,4274,11592.1,4.935,47.004,18.224,15.981,24.211,16.111,18.75,29.688,11.354,10.734
5350041.00,3324,10482.5,3.364,33.333,17.089,14.22,19.661,15.556,21.739,34.783,8.772,5.9
5350042.00,4423,9028.4,3.388,23.715,16.964,13.201,16.23,13.45,23.316,36.788,7.843,9.582
5350043.00,3670,6625.7,3.745,26.87,14.286,10.818,15.309,10.204,27.778,36.806,7.981,13.143
5350044.01,5016,12628.4,3.967,25.711,13.672,9.451,14.455,13.235,23.2,35.2,0,7.364
5350044.02,4255,45654.5,6.635,39.027,13.45,14.472,15.089,9.665,20.872,41.121,0,8.522
5350045.00,3247,11003,3.215,28.25,19.512,11.236,18.685,19.82,29.609,34.078,10.204,11.746
5350046.00,3151,7454.5,2.937,33.539,20.571,13.138,20.192,15.385,21.622,28.829,9.639,9.699
5350047.02,3511,12233.4,6.34,50.791,24.342,15.683,33.987,25.197,35.135,22.394,9.945,10.949
5350047.03,1014,8771.6,1.852,24.537,10.714,11.574,11.628,0,16.279,32.558,4.11,6.034
5350047.04,2773,10127.8,2.351,19.384,14.583,9.058,11.407,9.524,31.646,35.443,6.25,8.264
5350048.00,3353,10011.9,2.147,20.706,15.029,9.509,12.681,11.828,29.286,30,6.78,10.135
5350049.00,3351,7203.4,1.59,15.079,14.286,8.267,12.803,12.712,28.358,34.328,6.667,10.473
5350050.01,8648,6662,4.967,24.719,13.115,7.51,9.271,10.084,18.009,28.436,4.615,6.633
5350050.03,1085,634.1,10.185,34.259,11.29,7.87,8.247,9.524,0,23.81,4.07,7.377
5350050.04,4907,6485.6,2.753,30.157,20.974,7.571,16.34,16.234,26.728,28.111,6.452,12.771
5350051.00,4979,7203.4,3.269,15.322,12.016,9.091,12.743,8.333,28.44,32.11,6.967,14.45
5350052.00,4074,8139.9,1.859,20.57,13.084,9.542,12.567,10.714,18.239,25.157,6.55,8.642
5350053.00,5823,8514.4,4.142,31.52,14.984,12.176,17.537,20.745,29.339,33.471,9.202,10.906
5350054.00,5453,7763.4,5.074,32.38,16.279,15.775,18.012,20.37,34.67,34.67,9.816,11.753
5350055.00,2691,9735.9,2.612,19.367,13.223,13.433,13.303,13.636,22.368,43.421,7.914,13.284
5350056.00,4436,8706.6,2.074,25.892,15.837,10.357,15.404,17.204,19.792,32.292,8.367,10.096
5350057.00,2287,8584.8,4.711,23.983,16.822,15.632,17.708,14.394,20,33.077,11.504,11.154
5350058.00,3757,9781.3,4.388,26.162,12.426,15.803,19.745,9.392,22.596,32.692,8.876,15.254
5350059.00,3843,10482.8,3.344,33.758,15.172,15.605,29.618,13.402,21.528,36.806,10.714,17.476
5350060.00,2550,9388.8,4.591,35.13,15.179,20.16,20.513,12.676,24.409,37.795,10.526,10.638
5350061.00,1202,1566.5,12.025,65.19,16.129,21.519,53.333,25,29.67,25.275,10.112,9.722
5350062.01,4843,45346.4,8.589,52.393,14.765,23.19,33.403,9.025,23.209,43.553,10.407,11.52
5350062.03,4224,9107.4,10.217,57.344,11.696,32.184,30.874,9.615,15.546,48.319,0,19.167
5350062.04,8524,70156.4,11.169,73.733,14.658,32.258,34.143,7.055,17.021,43.327,0,12.848
5350063.03,4869,52130.6,12.475,51.71,10.396,19.899,21.002,13.027,27.157,33.503,8.235,6.932
5350063.04,4778,33910.6,8.509,52.653,11.585,25.926,30.025,10.644,27.093,38.106,8.738,10.69
5350063.05,6551,50431.1,13.286,62.186,9.756,26.258,27.846,10.654,24.421,43.158,8.511,11.914
5350063.06,6217,32346.5,9.599,48.54,11.374,25.771,31.858,10.028,24.747,37.374,9.302,11.3
5350064.00,4963,25490.5,11.111,45.445,9.692,14.555,21.014,13.793,28.032,36.658,7.787,9.899
5350065.01,2650,30778.2,20.377,70.245,16,21.846,29.615,14.634,29.297,33.984,10,9.816
5350065.02,11120,77545.3,13.411,81.503,29.779,21.592,37.477,19.912,36.486,19.854,13.885,11.752
5350066.00,7062,21497.7,4.793,42.203,14.237,16.011,26.917,16.279,30.785,29.577,8.786,9.986
5350067.00,1692,2597.5,3.245,16.864,9.804,5.917,11.321,10,18.75,25,5.376,6.569
5350068.00,2451,5870.7,2.575,21.413,15.942,14.561,19.824,15.789,24.576,27.119,9.497,7.96
5350069.00,4847,5619.7,1.824,35.048,14.717,7.717,11.883,10.949,25.806,26.882,6.009,12.665
5350070.00,3302,7445.3,2.481,20.497,13.665,9.938,11.486,16.129,34.715,45.078,6.627,13.074
5350071.00,3342,7202.6,1.028,21.88,16.667,5.727,12.798,10.476,33,29,6.707,11.787
5350072.01,4509,11103.2,3.094,46.409,31.25,12.804,27.088,16.867,28.079,22.167,10.156,11.429
5350072.02,2985,5508.4,2.542,36.271,15.152,7.966,15.108,14.286,25.714,30,6.369,11.45
5350073.00,2478,7065.9,2.809,44.673,20.144,10.841,17.373,15.73,25.333,26.667,10.204,8.811
5350074.00,3723,9516.9,4.78,45.032,22.549,11.097,19.663,16.031,28.571,28.571,8.458,8.631
5350075.00,4014,7914,2.208,34.026,16.588,8.713,17.136,22.892,43.478,42.754,7.035,6.707
5350076.00,4237,9049.6,2.85,34.777,19.492,8.663,17.742,16.505,33.594,28.125,6.114,7.143
5350077.00,4493,7492.1,3.027,26.919,17.063,6.695,13.134,16.541,30.952,30.159,6.481,9.877
5350078.00,6282,8241.9,2.562,23.325,18.768,10.661,15.835,8.696,25.556,25.556,6.27,9.533
5350079.00,7424,7390.7,2.454,22.222,16.029,6.753,11.855,15.421,30.986,30.282,4.057,9.361
5350080.01,3707,7648,3.881,32.342,19.139,10.233,13.351,9.167,31.496,35.433,7.979,8.401
5350080.02,4642,11478.7,6.311,61.045,27.193,17.519,27.253,18.857,38.434,27.758,12,11.667
5350081.00,2848,7739.1,1.232,23.104,17.834,5.996,10.545,23.077,18,30,5.755,9.055
5350082.00,2647,8583,2.486,25.382,15.068,7.061,11.765,12.048,28.788,31.818,6.618,7.725
5350083.00,3869,8667.1,1.686,34.805,13.433,9.351,21.186,19.792,33.125,28.125,7.784,9.697
5350084.00,3552,8684.6,2.977,18.539,12.105,5.149,12.166,12.121,27.083,30.208,6.18,11.921
5350085.00,4160,8409.1,3.011,20.452,13.793,11.654,15.574,14.019,32.331,35.714,7.538,11.527
5350086.00,2528,2219.5,2.008,20.121,11.189,6.426,11.765,7.447,35,40,3.571,15.287
5350087.00,4814,3002.4,2.974,11.475,8.889,6.967,9.534,7.874,19.259,43.704,5,7.383
5350088.00,3127,13613.4,8.958,44.065,15.528,12.704,19.58,15.315,26.946,35.928,7.514,9.055
5350089.00,5349,16223.8,7.453,38.406,10.331,19.876,20.624,11.261,21.702,42.128,8.434,9.639
5350090.00,4020,10231.6,5.172,23.892,10.363,10.961,18.018,4.444,22.564,32.308,6.061,9.451
5350091.01,5739,11222.1,6.428,30.303,11.328,15.533,20.404,9.016,24.528,40.162,7.917,9.728
5350091.02,3421,10591.3,3.78,28.189,17.361,17.638,28.947,7.051,26.718,31.679,9.249,13.758
5350092.00,6818,10894.9,5.178,28.402,11.935,13.388,17.26,12.465,25,34.698,8.187,13.026
5350093.00,5358,8705.1,4.573,21.571,15.242,12.326,14.565,9.278,25.668,35.829,8.943,10.23
5350094.00,4699,7373.3,3.399,32.647,18.725,11.856,16.253,20.192,31.25,31.25,9.016,12.815
5350095.00,2913,9253.5,3.102,28.78,15.132,10.219,15.789,10.309,25.714,27.619,8.955,13.333
5350096.01,1610,8094.5,1.923,35.897,16.471,12.821,14.865,25,31.373,33.333,8.14,9.524
5350096.02,3156,9037.8,3.87,30.078,18.072,14.109,19.863,17.094,24.576,38.136,8.284,13.399
5350097.01,3929,10342.2,4.074,50.066,18.947,11.184,22.192,23.75,29.139,30.464,11.468,10.326
5350097.03,2078,12391.2,9.217,50.461,21.739,19.124,26.966,11.458,48.252,43.357,10.769,9.959
5350097.04,5031,15575.9,6.148,35.656,17.625,12.807,17.429,15.271,29.258,37.118,7.85,8.617
5350098.00,6976,9734.9,2.581,34.505,19.474,10.824,17.96,19.545,27.985,27.612,7.013,7.132
5350099.00,6282,10808.7,5.498,31.076,14.78,13.546,17.188,13.675,34.316,33.512,7.568,10.301
5350100.00,2961,10360.4,2.752,32.844,18.065,9.707,14.286,17.333,30.526,35.789,6.918,10.204
5350101.00,3246,7603.7,1.484,18.101,12.353,11.128,17.049,11.927,25.668,29.947,8.511,10.526
5350102.02,4561,39420.9,7.449,36.569,20.814,13.77,22.195,15.287,28.041,33.814,9.251,7.629
5350102.03,3576,27318.6,9.491,29.023,18.848,13.343,16.077,7.619,24.405,33.333,6.796,8.738
5350102.04,706,6969.4,2.239,15.556,10.526,12.687,7.937,26.923,33.333,37.037,5.714,12.5
5350102.05,842,7075.6,3.356,16.107,10.87,5.369,10,16.667,12.5,33.333,4.444,11.594
5350103.00,6195,7393.5,1.721,17.145,10.651,5.496,8.651,7.975,18.792,28.859,4.317,13.41
5350104.00,5476,7427.1,2.199,18.541,11.039,5.272,6.897,11.17,22.33,40.777,2.941,10.603
5350105.00,4318,7840.9,1.182,18.676,13.478,5.674,12.152,9.774,33.884,37.19,6.19,8.794
5350106.00,3680,2669.2,4.885,57.995,23.301,10.448,20.11,22.628,21.687,18.072,10,6.818
5350107.00,4851,6713.3,4.227,37.629,21.986,7.003,16.598,24,23.596,25.843,8.638,8.072
5350108.00,5829,7833.6,3.004,43.396,26.159,14.065,25.739,27.885,32.636,20.084,10.377,9.434
5350109.00,5470,8681.2,3.268,30.999,18.38,9.524,14.906,16.438,18.405,22.699,7.143,8.491
5350110.00,3491,6416.1,2.869,29.943,21.134,10.172,16.765,16.379,26.531,33.673,8.108,7.738
5350111.00,2442,5388.3,4.217,23.944,19.048,4.225,13.362,22.368,27.907,27.907,6.557,7.623
5350112.00,4761,9489.7,4.468,27.902,20.295,7.553,16.453,18.675,25.217,33.043,8.171,7.522
5350113.00,2521,6594.3,3.168,23.96,16.541,11.66,13.793,22.642,29.358,33.028,8.966,11.261
5350114.00,5164,8267.7,3.367,23.493,17.188,9.796,17.949,14.085,33.632,33.184,7.477,11.436
5350115.00,4219,11170.2,3.023,42.138,26.364,10.44,17.358,20.301,18.75,20.625,8.213,6.704
5350116.00,4445,6535.8,3.949,26.752,17.593,9.415,15.55,13.889,25.333,32,6.844,10.169
5350117.00,2518,6321.9,2.789,24.104,14.844,10.558,15.741,6.977,17.593,25.926,5.426,10.959
5350118.00,3995,5732.5,2.801,20.706,12.273,10.597,13.333,9.655,17.573,44.351,5.028,13.522
5350119.00,4856,5720.3,3.485,26.11,11.673,10.042,13.443,7.831,23.506,34.661,7,8.458
5350120.00,1418,5483.4,1.439,14.748,7.5,8.273,7.634,19.231,44,32,4.545,6.25
5350121.00,3183,10702.8,4.326,19.833,12.048,6.988,12.847,8.081,13.178,34.884,4.464,7.317
5350122.00,6199,11613,4.8,22.48,13.272,10,12.121,7.784,23.664,39.44,5.263,10.189
5350123.00,2377,31693.3,12.389,43.584,15.385,14.823,17.708,11.494,26.19,34.921,7.576,9.963
5350124.00,5529,10027.2,6.381,22.455,11.314,11.989,13.438,13.386,25.377,39.196,6.02,8.197
5350125.00,4270,3812.2,2.965,16.515,10.526,3.872,7.042,7.643,19.608,31.373,3.209,15.972
5350126.00,4164,2873.1,2.659,23.958,9.914,5.787,5.542,7.258,30.928,38.144,3.093,10.674
5350127.00,5293,7147.9,4.479,26.485,13.468,5.842,8.398,8.917,22.901,31.298,4.615,10.284
5350128.02,12611,24312.7,14.333,47.858,13.972,15.568,16.74,12.937,22.816,36.408,7.509,7.561
5350128.04,4772,29456.8,6.625,37.332,17.273,12.112,18.907,16.447,27.469,35.802,5.682,7.099
5350128.05,1127,6205.9,6.311,29.612,12.963,8.213,13.793,6.522,17.021,34.043,6.383,7.216
5350128.06,4870,56759.9,19.239,53.277,12.281,16.068,19.643,15.847,25.821,35.011,8.411,6.061
5350129.00,5642,6083.7,5.18,22.212,14.332,7.982,11.278,8.537,23.048,31.97,5.243,8.704
5350130.00,3355,2623.1,4.783,23.623,11.64,7.971,12.618,9.459,21.127,29.577,5.556,9.217
5350131.00,5258,5034.5,5.325,21.915,11.228,8.679,12.19,8.649,27.222,33.333,6.25,9.14
5350132.00,5350,5786.3,6.226,26.193,15.593,7.108,13.396,11.475,24.157,25.843,5.6,11.312
5350133.00,7082,10609.7,7.902,34.102,18.994,13.557,17.523,15.702,32.272,32.909,7.31,9.646
5350134.00,2911,6980.8,3.839,21.603,11.515,6.098,8.772,7.955,25,32.143,3.65,9.302
5350135.00,6782,9469.4,7.818,36.885,13.913,13.413,14.264,13.953,30.394,38.051,7.606,9.509
5350136.01,7267,37849,13.2,47.65,19.167,15.206,18.944,15.335,29.156,37.203,8.879,8.82
5350136.02,8740,41599.2,16.01,54.926,16.787,19.385,25.062,11.187,26.227,36.35,9.579,8.508
5350137.00,6916,7565.1,7.091,34.009,14.247,9.117,15.138,11.02,25.397,30.688,6.006,9.501
5350138.00,3010,3117.6,3.866,22.185,12.121,8.249,12.881,5.755,25,22.059,5.224,15.166
5350139.01,4316,5579.1,7.931,28.276,13.362,8.391,13.064,10.526,24.375,38.75,6.25,13.725
5350139.02,2440,4789,1.2,25.852,12.593,5.2,9.322,8.333,23.684,36.842,4.167,19.231
5350140.00,2341,4092.7,2.649,19.383,8.889,1.545,9.013,7.692,0,37.5,4.425,17.61
5350141.01,4493,8163.2,2.146,30.365,11.554,4.18,7.778,11.565,22.727,31.818,2.778,9.019
5350141.02,4653,6767,3.194,22.357,10.943,5.947,8.333,7.285,28.571,38.095,2.778,14.13
5350142.00,5589,5354,4.384,28.128,11.726,5.023,10.85,10.405,19.286,27.143,3.543,9.773
5350150.00,4210,3930.9,1.439,15.486,8.75,4.442,7.005,5.556,30.303,39.394,3.061,12.291
5350151.00,3756,5879.8,5,40.053,35.266,10.526,26.016,24.444,33.146,16.292,9.239,10.877
5350152.00,4653,5463.2,0.902,17.587,13.818,4.059,8.409,13.187,26.786,30.357,3.93,8.163
5350153.00,4460,4790,4.641,47.235,23.828,10.398,19.512,19.459,25,22.368,8.197,10.276
5350154.00,6192,2962,4.245,30.016,24.927,8.075,16.092,20,31.757,28.378,7.797,10.019
5350155.00,3080,3816.1,2.373,52.115,33.121,15.424,35.674,16.981,35.78,14.679,16.818,10.73
5350156.01,5700,9451.2,7.29,70.154,32.441,19.983,32.264,21.93,41.964,20.536,11.702,11.414
5350156.02,2810,4783.8,3.743,37.189,24.183,10.695,18.861,19.802,43.678,36.782,9.15,9.426
5350157.00,2716,5896.7,9.142,60.821,32.237,11.194,23.137,23.2,35.238,20.952,14.189,8.297
5350158.00,3036,4778.8,7.955,53.647,30.921,13.474,26.523,24.167,33.553,28.947,11.207,9.924
5350159.01,3506,7118.8,2.659,40.976,22.727,9.32,20.344,21.311,35.065,29.87,8.108,7.018
5350159.02,4865,8409.7,7.107,35.431,21.147,10.051,16.279,20,27.928,27.928,8.607,7.24
5350160.00,3152,4310.7,5.008,35.737,20,12.226,16.498,19.643,33.333,24.242,8.571,6.689
5350161.00,6885,8486.4,5.055,42.344,21.465,12.015,16.792,20.635,35.714,26.531,8.943,8.795
5350162.00,4846,8417.6,3.326,43.867,26.592,11.111,18.79,19.88,37.725,34.132,8.835,8.213
5350163.00,4308,9484.8,4.005,32.98,20.921,12.132,18.204,16.547,41.615,36.646,9.778,8.333
5350164.00,6002,9554.3,5.882,37.614,20.536,9.196,16.61,13.218,31.959,28.866,8.738,10.018
5350165.00,4209,8680.1,4.762,28.455,15.837,8.595,13.671,12.838,30.726,29.05,8.654,13.527
5350166.00,4024,5119.6,4.406,20.563,10.849,6.977,11.168,7.692,40.972,40.278,7.104,12.179
5350167.01,2446,18240.1,6.183,20.638,12.389,9.787,14.833,13.158,26.695,41.949,5.814,10.881
5350167.02,5745,9552.7,6.136,42.621,20.641,13.841,17.47,15.596,32.658,33.108,8.303,8.803
5350168.00,5674,10033.6,8.37,56.189,26.224,14.515,24.044,18.692,38.889,32.68,9.811,10.06
5350169.01,3587,9486.9,9.207,56.719,23.469,11.756,17.493,19.685,28.358,26.119,10,7.45
5350169.02,7596,17350.4,7.948,46.775,24.402,11.995,19.809,16.471,29.73,23.784,8.108,8.639
5350170.00,3407,3365.3,4.599,46.222,21.053,10.089,18.076,27.007,27.907,24.419,9.189,7.348
5350171.00,3914,6416.4,4.658,56.164,38.389,12.877,25.707,17.647,29.012,20.37,11.17,9.929
5350172.00,2505,2075.4,11.686,67.241,35.878,21.456,27.917,30.357,37.952,19.88,10.87,10.879
5350173.00,3586,6035,7.972,74.266,39.267,16.224,30.245,26.016,46.207,22.759,13.107,10.033
5350174.00,7062,6705.9,7.353,74.779,35.23,11.912,23.373,23.913,42.804,26.568,9.605,9.167
5350175.01,5963,7542.4,7.105,69.183,37.838,20.071,31.847,24.883,46.415,27.547,12.5,9.847
5350175.02,8672,11996.1,12.291,74.423,38.537,20.023,32.849,26.608,41.424,27.508,13.143,10.172
5350176.00,4261,4257.2,2.854,38.997,20.248,7.412,16.779,18.919,40.449,31.461,8.414,9.343
5350180.00,6462,10527.9,7.764,49.689,28.824,15.606,25.201,24.37,31.688,22.857,10.433,10.211
5350181.01,4382,7679.6,2.587,36.22,15.936,6.749,11.471,12.069,27.027,33.784,5.603,6.279
5350181.02,3546,5892.3,5.043,38.04,20.312,10.375,22.029,26.136,30.714,22.143,6.557,10.333
5350182.00,5407,7109.8,2.226,31.633,15.161,7.335,10.286,14.925,29.63,32.099,4.61,7.198
5350183.01,2623,5004.8,2.124,30.368,15.541,5.222,12.261,15.116,28.261,36.957,5.738,8.531
5350183.02,4035,9425.4,2.096,28.889,14.53,5.672,9.273,20.652,30,31.667,4.412,8.219
5350184.01,5008,10563.2,3.078,36.409,22.101,11.31,19.592,15.873,37.778,31.556,7.054,9.469
5350184.02,3671,6589.5,5.769,33.425,20.488,9.341,15.341,17.593,31.447,23.27,8.696,7.951
5350185.01,6836,13693.9,8.038,32.867,24.59,15.181,20.376,17.188,36.947,33.628,8.564,10.164
5350185.02,4244,3553,4.192,32.934,22.374,12.216,19.133,18.519,36.8,28.4,8.333,8.661
5350186.00,2382,1275,2.737,24.421,12.879,7.368,8.297,6.154,32.308,40,5.344,11.834
5350187.00,3473,2907.5,1.583,26.763,14.433,6.906,10.914,9.91,27.083,35.417,6.875,10.68
5350188.00,2031,3679.3,2.445,19.56,14.159,5.623,11.33,7.018,18.421,18.421,6.931,6.897
5350189.00,5655,4612.2,7.15,44.12,28.114,14.487,21.984,21.839,33.977,30.502,9.449,8.717
5350190.01,8588,21550.8,16.667,84.741,17.925,18.171,27.44,17.699,39.037,21.123,12.058,14.81
5350190.02,4612,7933.9,7.151,48.698,30.328,16.269,27.632,20.571,36.029,21.691,8.032,8.223
5350191.00,4372,5312.3,4.833,37.745,19.753,9.781,14.617,14.493,32.456,29.825,6.637,8.462
5350192.00,843,918.2,3.488,52.023,18.421,13.873,25.301,0,50,44.231,8.696,9.091
5350193.00,3264,2357.4,10.856,41.437,17.143,9.633,19.104,15.894,28.767,21.918,8.805,13.821
5350194.01,7821,28849.1,16.27,92.476,14.327,30.611,40.767,25.714,51.421,15.245,19.308,21.083
5350194.02,4717,15399.9,18.102,82.119,14.286,21.854,31.753,18.447,38.79,21.352,14.655,11.808
5350194.03,2700,10791.4,14.545,82.545,26.4,19.273,34.576,25,38.596,21.93,12.587,16.41
5350194.04,5399,2384.1,10.29,66.355,19.286,16.277,24.729,16.667,28.253,20.074,11.78,9.208
5350195.01,4425,4721,2.336,25.263,13.502,6.308,8.81,8.696,27.059,23.529,4.455,9.091
5350195.02,2384,6305.2,2.237,27.13,15.267,4.027,6.696,9.459,26.923,38.462,2.703,9.945
5350196.01,1942,5145.7,3.053,25.7,10.092,5.076,7.292,0,26.316,39.474,4.494,10.191
5350196.02,5577,5044.8,2.639,13.984,10.356,4.925,7.65,12.019,30.4,38.4,3.922,10.88
5350200.01,5594,10028.7,10.705,39.721,26.102,18.206,21.172,22.286,37.563,30.457,9.153,7.724
5350200.02,1049,7126.4,11.429,31.905,15.217,21.053,21.739,16.667,49.533,41.121,5.263,9.474
5350201.00,5528,7267.9,7.467,34.655,16.041,11.992,21.224,11.043,30.645,33.065,7.333,8.679
5350202.00,1640,4882.4,0.898,27.463,13.83,4.776,11.538,9.615,23.684,23.684,3.896,12
5350203.00,3425,5740.9,4.598,33.813,17.553,9.065,13.099,11.828,32.258,32.258,5.618,8.791
5350204.00,4596,6156.7,3.135,26.732,17.949,11.459,16.782,16.556,28.095,22.857,7.407,9.677
5350205.00,144,193.3,,,,0,0,0,0,0,0,
5350206.01,5106,4478.2,5.501,33.988,19.014,10.816,14.53,12.963,26.471,28.922,6.356,7.143
5350206.02,6294,5777,5.259,32.297,20.896,13.716,17.797,18.182,34.783,32.107,8.092,7.917
5350207.00,2597,3847.4,4.294,42.653,20.741,12.653,20.732,16.832,40,34.118,7.857,14.022
5350208.00,4165,3210.3,6.433,54.152,34.928,16.374,30.102,21.951,37.906,32.852,9.459,10.899
5350209.00,2862,4202.6,3.014,39.007,23.077,12.411,23.729,25.843,26,21.333,8.054,7.456
5350210.01,3703,1253.8,3.839,42.857,14.907,5.311,11.628,10,21.429,32.143,5.607,3.636
5350210.03,6959,15331.6,12.663,48.228,11.749,12.22,14.087,10.438,13.406,33.696,0,4.541
5350210.04,10080,21216.6,7.944,42.634,12.319,12.217,14.657,11.053,16.856,38.269,0,5.813
5350211.00,6884,2101.2,3.27,27.18,19.133,6.25,11.869,15,29.545,31.818,5.621,6.688
5350212.00,5712,3371.7,2.275,23.993,17.612,5.604,10.351,12.903,30.588,37.647,4.545,10.445
5350213.01,2658,2820.8,3.502,26.459,14.865,6.031,12.545,11.538,17.241,24.138,5.97,9.459
5350213.02,6301,900,12.661,53.022,14.121,8.629,14.673,10.138,17.757,38.318,6.395,5.447
5350214.00,6728,2383.2,5.181,35.011,16.667,7.175,11.514,12.705,23.81,34.694,6.745,7.239
5350215.00,7151,2778.8,3.733,30.079,17.604,6.887,13.783,15.138,33.333,39.13,6.65,8.125
5350216.00,5489,2774.7,1.818,18.653,9.177,4.459,7.706,9.929,27.143,35.714,4.745,10.714
5350217.00,5900,4824.2,8.426,22.619,24.359,19.558,23.204,20.419,37.991,26.638,12,7.366
5350218.00,2674,3953.3,1.815,16.545,10.323,4,5.797,9.722,18.519,37.037,1.887,10.345
5350219.00,4531,3345.9,4.171,24.561,14.173,5.592,9.251,13.571,21.569,25.49,3.5,11.467
5350220.00,4196,3229.9,4.162,18.849,16.379,6.487,11.765,20.567,28.926,23.967,7.254,9.538
5350221.01,6363,3905.8,3.185,17.343,15.2,4.932,9.19,13.441,35.789,35.789,4.651,11.022
5350221.02,5269,6545.3,12.243,51.126,24.074,12.537,19.556,15.075,31.225,28.063,9.328,10.729
5350222.01,7105,5530,6.267,39.457,18.09,7.029,14.726,14.182,26.357,31.783,6.497,7.434
5350222.02,4985,4153.5,6.957,44.548,23.684,14.123,23.218,20.33,41.765,27.647,9.506,15.67
5350223.01,1522,1774.3,3.642,16.225,8.791,3.311,6.536,16.667,0,0,4.11,12.069
5350223.02,2180,2498.6,0.693,23.557,11.719,2.309,9.091,9.722,25,18.75,5.556,10.695
5350224.00,1650,1589.4,0,26.1,9.091,2.924,7.647,7.407,0,0,2.703,13.492
5350225.01,5209,5669.4,6.418,28.38,18.644,10.92,14.427,17.544,31.455,29.108,7.882,11.163
5350225.02,10827,35556.7,15.515,58.741,22.263,14.756,25.224,13.655,24.87,27.604,8.146,7.581
5350226.00,2813,2964.2,0.727,12.909,10.241,4.554,5.674,10.811,31.25,50,2.308,13.122
5350227.00,1752,3562.4,1.695,11.017,8.738,4.802,6.63,3.175,31.25,18.75,2.469,10.714
5350228.00,3144,3830.9,2.057,16.957,10.44,5.23,9.969,8.791,10.843,39.759,3.817,10.39
5350229.00,1226,3827.7,0,9.705,9.091,2.532,9.259,14.583,75,0,5.556,16.667
5350230.01,2649,1829.3,2.24,17.108,16.084,8.961,11.969,15.068,32.099,35.802,6.667,10.588
5350230.02,6558,6652.5,5.573,34.029,26.158,8.275,16.538,17.259,29.368,28.625,7.571,9.011
5350231.00,6273,2075.3,2.632,18.645,13.408,6.853,9.121,13.478,32.759,35.632,4.332,11.603
5350232.00,3820,1865.8,1.218,15.291,10.776,3.789,7.969,9.559,27.273,0,3.165,13.147
5350233.00,5707,2746,3.463,28.163,14.583,5.979,12.178,14.216,17.021,18.085,5.243,11.472
5350234.00,4531,2157.5,3.084,32.048,17.736,5.727,12.609,17.089,30.357,26.786,5.742,9.485
5350235.01,2902,2062.4,1.982,26.486,17.647,2.162,9.215,8.696,30.769,38.462,5.556,5.534
5350235.02,5166,4792.2,3.794,34.436,21.549,4.961,14.124,14.13,37.662,32.468,7.755,9.956
5350236.01,6949,7042,5.178,42.53,25.459,8.95,18.713,12.653,35.57,28.188,8.911,7.666
5350236.02,5902,1490.8,2.003,30.467,19.088,6.005,11.486,15.544,37.5,30.556,5.576,9.302
5350237.01,6641,5602.8,9.721,72.214,34.648,14.759,22.767,20.879,40.52,26.766,10.28,12
5350237.02,3003,3144.5,3.624,39.703,18.497,5.921,13.782,22.43,30.769,17.949,6.557,11.067
5350237.03,5935,5555.6,5.004,41.476,24.62,10.433,18.307,20.879,29.508,36.339,8.118,7.463
5350238.01,3500,3375.8,2.196,19.501,15.385,2.196,7.756,9.524,32.432,51.351,4.225,10.954
5350238.02,5306,5433.1,5.719,48.929,26,11.886,18.484,18.537,43.094,28.729,9.059,11.042
5350239.00,6715,2659.3,8.262,55.885,32.283,11.068,24.198,18.219,29.317,20.884,11.728,10.097
5350240.01,3377,2656.5,2.168,19.192,13.171,4.762,7.58,12.844,0,29.412,2.92,8.571
5350240.02,6089,5871.2,2.766,28.868,23.313,8.557,17.577,17.834,37.395,37.395,9.746,7.24
5350241.00,2772,2551.8,2.206,23.486,15.723,6.789,12.153,10.185,20,40,6.015,7.234
5350242.00,1566,2563.9,2.676,56.667,44.444,9,31.361,12.903,27.273,10.909,12.048,14.159
5350243.01,6212,19708.1,11.27,84.194,30.634,16.759,31.874,25.685,37.255,22.222,16.758,10.127
5350243.02,3793,3120.8,4.865,59.595,25.373,13.378,21.173,26.897,39.683,27.778,11.351,12.585
5350244.01,3663,2573.6,3.014,52.675,27.67,9.328,19.452,23.81,34.177,24.051,10.345,9.346
5350244.02,5703,3940.4,6.398,79.667,40.741,13.848,28.669,24.335,36.5,18,13.3,13.568
5350245.00,7033,4949,6.567,61.286,31.183,15.286,23.14,23.704,39.931,29.861,10.028,11.864
5350246.00,3345,3118.3,2.963,50.074,20.112,11.391,19.13,15.789,31.034,19.54,8.929,11.037
5350247.01,9027,523.5,7.611,91.275,23.173,10.962,23.494,14.751,26.214,23.301,10.366,11.853
5350247.02,7213,2234,6.445,62.994,18.204,10.395,17.88,17.162,32.331,22.556,8.997,7.351
5350248.02,5538,4563.7,2.742,87.66,45.49,13.346,36.198,27.723,28.947,11.842,14.643,18.538
5350248.03,2651,710.2,8.453,91.562,22.628,10.772,23.794,16.092,0,20,12.821,10.274
5350248.04,4945,3347.8,8.204,93.562,28.75,15.057,24.486,13.858,26.49,23.179,11.934,14.043
5350248.05,4285,3789.7,5.772,84.567,23.902,14.806,26.598,13.397,32.911,26.582,11.504,12.958
5350249.01,4598,5541.1,6.291,85.43,18.391,5.74,18.924,14.607,23.81,19.048,9.174,10.026
5350249.03,5569,1878.3,5.845,88.129,26.804,8.805,22.313,15.605,22.321,20.536,10.508,10.837
5350249.04,2709,3943.8,5.586,86.691,20.567,12.41,24.252,19.277,25,25,11.565,13.025
5350249.05,5606,8717.2,14.095,91.793,26.573,19.536,32.305,16.906,38.017,19.421,11.29,9.615
5350250.01,5047,3634.6,8.256,75.748,22.692,15.806,26.335,19.421,33.962,25.472,12.274,13.198
5350250.02,4958,2557.4,4.89,60.739,28.571,11.389,23.225,17.766,30.769,23.846,9.921,9.223
5350250.04,5939,12245.4,14.031,93.447,38.562,15.915,28.037,20.408,33.624,18.777,11.834,12.77
5350250.05,7031,10511.3,17.996,88.364,28.375,17.361,31.671,21.687,41.961,22.745,11.278,9.589
5350260.01,6590,9236.2,9.641,85.339,19.288,13.546,25.698,12.996,31.183,24.731,11.429,9.87
5350260.04,3879,20622,22.412,83.537,22.751,23.537,36.683,25.49,37.736,16.226,14.035,12.448
5350260.05,4139,16276.1,16.943,71.083,36.842,23.694,46.283,33.81,44.8,16.8,11.382,17.699
5350260.06,4354,4731.6,16.494,83.045,24.464,14.764,24.35,18.86,26.887,17.925,9.917,12.114
5350260.07,3591,10420.8,6.29,74.84,20.707,9.628,19.559,14.062,29.508,31.148,12.097,10.526
5350261.00,5547,2899.8,5.777,77.936,34.944,12.216,29.533,21.649,30.366,16.23,11.392,12.082
5350262.01,5848,8716.6,13.408,59.17,25.079,14.879,21.291,18.947,36.686,31.657,6.809,10.057
5350262.02,6252,2913.3,12.124,53.566,22.823,13.233,22.329,13.274,40.55,27.835,10.028,10.887
5350263.02,3873,1937.1,4.241,41.997,18.095,9.302,14.722,18.557,22.115,40.385,7.483,6.931
5350263.03,4635,2978.6,7.15,57.308,24.206,10.831,14.693,9.884,29.741,32.328,6.915,10.599
5350263.04,6464,9574.9,9.04,57.494,18.156,11.102,29.741,18.644,32.353,40.107,19.208,6.188
5350264.00,1260,367.4,2.075,56.017,14.085,12.448,23.577,11.364,0,0,8,15.152
5350265.00,5555,2085.1,2.935,28.377,11.232,7.225,10.593,15.823,9.524,33.333,4.278,10.333
5350266.00,3094,1135.2,3.879,42.23,12.366,7.251,14.887,10.833,0,47.059,5.921,12.717
5350267.00,6042,2233.5,3.915,65.824,12.885,9.217,16.186,10.506,22.581,29.032,5.085,11.453
5350268.00,6458,2134.5,6.503,43.106,14.641,8.168,14.329,12.281,29.139,33.775,7.034,5.322
5350269.01,5284,7074.6,12.031,76.805,33.216,15.399,27.619,16.667,28.841,27.224,10.891,8.481
5350269.02,2562,1460.7,3.977,54.356,15.686,5.482,13.462,13.978,0,21.053,6.604,9.453
5350270.01,4763,4240.2,6.965,53.43,27.586,12.37,18.71,22.527,31.579,32.456,9.04,7.958
5350270.02,4263,5634.4,5.589,47.268,26.16,9.264,17.308,23.226,29.358,31.651,8.075,10.857
5350271.01,2394,2679.4,4.564,45.228,16.788,5.394,14.831,13.978,30.952,33.333,6.422,7.96
5350271.02,4724,6661,7.439,54.565,27.099,13.8,19.706,16.931,36.087,29.565,8.897,12.214
5350272.01,5945,13060.2,11.65,72.449,34.603,15.816,25.85,14.786,33.419,23.65,9.938,11.641
5350272.02,4623,4628.6,7.035,63.027,21.705,8.432,17.57,18.713,18.966,24.138,9.302,9.745
5350273.01,3703,1160.7,3.134,56.812,16.667,9.264,18.78,8.633,23.81,40.476,8.065,12
5350273.02,4032,3128.5,6.095,55.1,18.75,11.443,19.506,9.697,25.882,30.588,8.553,11.702
5350274.01,4712,3090.2,6.236,57.002,20.532,13.676,20.417,18.994,25.949,31.646,8.796,9.467
5350274.02,4558,3423.5,5.751,50.799,16.479,10.863,18.282,9.884,23.529,30.882,7.469,8.596
5350275.00,5567,2838.1,3.904,27.95,12.381,6.744,9.712,8.696,25.153,34.356,3.315,12.051
5350276.01,6317,5152.1,3.888,26.86,14.78,6.694,14.263,6.806,22.561,21.341,6.842,12.264
5350276.02,6567,5120.1,4.128,24.752,13.079,7.716,11.642,11.111,29.06,29.915,5.351,10.699
5350277.00,3925,3818.8,6.513,20.408,10.714,7.653,14.052,9.756,28.125,23.438,8,10.757
5350278.00,7734,5798.9,5.519,25.416,16.578,10.246,18.821,18.339,29.588,23.221,8.207,9.331
5350279.01,4135,3405,7.466,39.887,18.696,13.107,15.663,12.973,25.217,27.826,9.189,11.357
5350279.02,6140,3896.9,4.774,54.34,25.329,9.809,19.902,21.076,34.483,28.079,8.696,8.758
5350280.00,7217,3378,7.735,60.933,30.769,13.231,21.259,20.385,38.482,23.848,10,8.153
5350281.01,6403,6630.4,5.189,76.101,34.366,12.5,24.812,24.111,35.023,18.433,9.155,9.018
5350281.02,3921,9496.2,8.091,74.747,44.976,11.111,25.75,24.742,30.065,16.993,13.027,9.434
5350282.00,4588,2067.5,2.895,38.685,17.647,4.459,14.471,14.024,31.818,40.909,5.978,7.474
5350283.01,5153,5607.2,6.597,73.901,40.288,14.34,27.273,21.818,35.606,19.697,12.017,13.514
5350283.02,4390,3768.6,2.644,51.261,42.683,8.643,30.407,25.904,30.675,7.975,13.408,11.828
5350284.00,6762,4786.6,7.441,51.557,24.119,9.878,18.047,18.487,30.932,22.881,8.15,9.752
5350285.00,3278,2942.8,5.061,38.957,23.243,7.066,16.914,21.481,33.333,29.63,9.239,9.058
5350286.00,6768,2086.2,10.24,56.788,27.913,13.344,24.047,20.859,24.825,29.021,10.644,9.119
5350287.02,6471,6116.3,11.514,57.886,29.595,11.356,18.265,13.846,31.208,22.819,10.51,9.765
5350287.03,2699,5574.1,7.948,75.046,51.145,17.963,33.535,28.8,34.058,10.87,12.717,9.95
5350287.04,4551,7662.9,6.032,35.835,20.773,9.091,18.322,12.805,27.225,23.56,8.491,7.487
5350288.00,11027,4191.7,9.426,52.344,21.799,11.561,16.126,13.742,29.604,30.07,8.238,8.341
5350289.00,4885,3752.8,8.419,43.063,24.453,9.548,14.911,17.46,33.333,26.667,9.886,7.416
5350290.01,3748,3970.3,11.172,70.304,32.663,16.851,21.547,22.078,36.224,19.898,10.784,7.625
5350290.02,1652,4771.8,6.627,56.757,23.529,14.157,17.647,27.119,29.787,38.298,7.447,8.772
5350291.02,4881,4257.7,6.548,55.104,25.869,11.893,23.123,18.239,25.543,14.674,10.788,10
5350291.03,2721,6518.9,12.5,47.761,26.974,10.075,21.053,21.495,32.203,29.661,8.633,12.5
5350291.04,1572,3063.7,13.746,59.655,30.952,11.724,25.466,23.214,33.784,29.73,10.345,8.633
5350292.00,8580,2297.5,8.99,81.319,35.068,15.295,23.81,21.348,42.238,21.3,12.546,11.318
5350293.00,6808,3389.8,5.735,61.029,24.274,8.382,18.168,17.11,28.125,29.167,8.75,7.68
5350294.01,4177,4846.8,6.325,61.051,32.051,14.081,22.402,20.245,40.571,27.429,10.952,10.241
5350294.02,4449,4362.2,3.991,66.059,31.474,8.087,18.947,19.76,28.571,18.367,8.284,8.914
5350295.00,5481,5049.8,8.059,63.952,28.571,9.241,18.83,21.963,33.641,21.198,9.74,9.615
5350296.00,1744,375.3,14.13,70.109,23.469,13.043,18.539,21.649,28.846,34.615,8.642,6.122
5350297.01,7239,6385.3,8.906,44.039,22.715,10.947,20.246,14.773,25,23.973,8.659,9.02
5350297.02,6646,4402.5,7.762,36.295,16.102,10.166,17.8,14.035,30.508,31.638,8.308,7.28
5350298.00,4561,2016.5,6.836,27.233,14.919,7.607,11.991,9.942,30.935,31.655,8.017,7.803
5350299.01,6289,2181.8,7.358,45.771,15.714,10.68,68.618,12.245,24.342,23.026,45.192,10.385
5350299.02,5130,32203.4,14.921,68.942,14.498,19.98,24.435,13.901,18.095,36.667,10.236,6.458
5350300.01,3850,31870.9,17.43,85.133,15.104,30.496,28.169,14.348,22.414,35.057,0,6.516
5350300.02,7505,36379.1,17.003,72.715,12.646,16.263,21.771,13.141,18.587,33.829,0,6.139
5350300.03,2448,3465,5.797,57.851,16.418,6.818,18.11,5.747,22.727,27.273,0,9.137
5350301.01,2863,3188.9,8.481,63.074,19.512,9.735,16.151,13.761,31.579,26.316,8.276,11.741
5350301.03,8324,30424,20.546,88.948,17.442,21.734,27.492,15.593,22.716,24.938,9.366,8.314
5350301.04,8766,6146.4,19.15,83.586,17.995,18.801,27.648,14.046,26.634,35.835,10.648,8.686
5350302.01,6114,4974,5.319,57.119,18.028,10.893,17.647,12.56,23.188,23.188,7.634,8.571
5350302.02,5867,5412.9,10.866,70.318,22.393,12.014,20.131,14.414,20.625,25,10.831,13.093
5350302.03,3267,4708.2,7.971,79.016,18.436,15.507,25.852,12.571,18.966,25.862,12.644,11.745
5350303.00,6080,5718,14.757,82.688,23.197,20.198,29.595,19.62,36.013,27.01,11.893,11.172
5350304.01,4404,17665.5,12.601,75.058,26.582,17.898,25,17.416,34.363,26.641,9.934,12.034
5350304.02,4595,3790.6,5.876,66.556,15.672,8.084,17.181,11.268,20,30.909,6.763,9.444
5350304.03,2484,2523.6,4.888,74.694,19.048,8.147,21.16,16.049,11.111,37.037,8.943,12
5350304.04,3482,14854.9,13.669,67.867,24.725,17.723,25.07,10.204,32.883,28.378,7.879,10.204
5350304.05,2686,3820.8,5.587,74.86,15.789,12.663,22.759,7.955,42.857,46.429,11.224,10.92
5350304.06,5725,7644.5,9.457,74.628,17.683,13.923,20.761,15.426,19.54,22.989,9.705,10.458
5350305.01,4421,1836.3,4.013,66.147,11.481,10.245,20.638,11.25,21.875,37.5,8.571,12.676
5350305.03,4766,6700.4,9.65,62.99,21.111,15.907,22.458,12.27,26.293,38.793,10.891,10.553
5350305.05,6580,17560.7,15.484,75.667,16.522,17.849,21.192,13.537,26.641,29.344,0,8.806
5350305.06,4366,6940.1,16.383,82.888,11.297,25.152,24.227,14.079,27.108,44.578,0,8.316
5350306.01,4612,3934.8,7.424,79.585,23.256,15.41,27.642,16.578,28.571,17.143,11.982,12.996
5350306.02,4686,4189.5,7.758,78.321,16.357,15.303,23.395,14.365,21.818,27.273,8.333,9.846
5350307.03,4957,45022.7,14.058,84.247,22.464,24.004,27.743,8.37,29.56,38.365,9.286,9.647
5350307.04,6919,45222.2,15.609,74.544,16.053,19.183,24.268,11.417,29.841,36.508,11.888,11.076
5350307.05,3365,32170.2,17.984,86.997,17.614,20.279,23.734,10.828,28.148,38.519,9.596,7.507
5350307.06,5057,48531.7,10.771,84.19,17.266,19.763,27.767,12.438,21.429,37.302,8.712,10.069
5350307.07,6216,5075.9,9.032,75.484,17.529,17.742,28.036,11.439,22.807,35.088,12.324,10.669
5350308.02,4327,3037.1,6.111,44.939,13.808,10.901,18.97,10.326,18.919,37.838,11.483,16.97
5350308.03,1115,2810.7,5.479,54.338,14.286,12.785,17.094,0,0,0,8.772,4.762
5350308.05,2386,3226.5,6.759,54.871,12.687,14.286,19.913,19.231,19.355,29.032,0,12.745
5350308.06,5585,29225.5,11.692,76.996,15.603,20.837,26.748,9.579,28.796,34.555,0,9.544
5350308.07,3797,24576.1,15.547,76.285,15.344,22.266,29.014,9.497,30.87,36.957,0,8.499
5350309.00,6361,8635.6,16.543,67.742,30.769,12.975,20.484,16.102,28.351,24.485,11.648,8.75
5350310.01,3609,2554,4.478,28.401,15.736,7.623,14.648,13.445,17.647,25.49,8.485,7.719
5350310.02,5328,2532.7,8.311,49.453,21.107,12.591,18.421,17.467,28.495,23.656,10.224,11.321
5350311.02,6010,6749,9.304,71.787,31.761,13.42,25.955,21.622,31.78,16.949,10.588,10.857
5350311.03,2672,3340,4.819,60.843,28,9.839,18.728,20.388,41.304,21.739,9,10.44
5350311.04,6517,6789.2,11.214,73.81,31.215,9.601,21.662,22.34,30.332,17.536,9.972,8.608
5350311.05,6698,19375.2,10.862,82.694,31.529,18.465,27.641,13.864,28.777,19.065,12.624,13.54
5350311.06,6660,650.7,10.381,79.968,26.744,26.115,41.649,14.059,23.137,28.235,16.522,13.201
5350312.02,3505,6724.9,8.178,82.64,37.968,12.339,26.519,25.806,40.23,24.138,10.784,8.394
5350312.03,6374,4285.6,5.79,76.056,37.901,11.972,24.133,22.605,38.571,21.429,11.85,9.127
5350312.04,5234,7214.3,6.33,88.032,43.841,17.03,29.344,29.148,35.979,19.577,12.214,10.244
5350312.05,3685,10653.4,5,95.535,57.653,18.919,35.961,27.108,40.201,18.09,14.596,11.789
5350312.06,3415,7449.8,4.755,79.161,39.344,10.49,26.761,23.077,36.364,13.636,11.95,8.191
5350312.07,3535,5680.5,5.102,62.009,30.435,10.058,27.346,31.818,34.188,17.949,8.943,10.879
5350313.00,5554,1935.2,5.941,69.217,29.568,9.459,20.875,18.605,27.642,20.325,10.359,9.168
5350314.01,6275,14657.8,12.913,91.503,41.104,18.661,27.229,24.542,39.678,25.201,13.781,14.124
5350314.02,5130,4705.1,9.911,80.476,25.887,10.99,25.556,17.949,32.609,19.565,11.875,9.582
5350315.01,3267,2172.8,1.58,37.539,19.681,8.057,15.429,17.6,27.273,36.364,7.746,6.934
5350315.02,3365,7864,6.487,81.991,24.862,13.608,27.913,13.235,42.647,23.529,12.613,7.328
5350315.03,5562,925.5,9.812,72.014,28.188,13.225,25.206,17.407,38.843,25.62,11.561,10.917
5350316.01,3970,2237.1,3.766,67.273,25.854,9.74,22.673,20.513,21.053,13.158,11.2,7.717
5350316.03,5761,14377.3,14.662,86.731,42,17.487,32.027,28.085,37.425,20.06,11.229,9.722
5350316.04,4105,8904.6,6.892,86.441,51.01,18.765,39.623,23.913,31.25,15,11.913,11.355
5350316.05,4104,10140.8,8.213,88.889,42.523,18.501,30.198,25.414,34.737,18.947,11.558,12.025
5350316.06,3367,8309.5,7.496,92.054,50.286,11.562,31.701,25.287,28.889,14.815,12.698,14.48
5350317.02,7242,16752.3,13.979,48.097,23.256,16.69,27.248,23.451,31.963,28.995,13.35,9.012
5350317.03,3531,2978.7,6.056,46.262,16.99,6.901,18.783,19.549,25,26.667,7.071,9.677
5350317.04,6731,9382.5,10.667,50.629,25.6,12.667,20.441,19.173,35,31.818,11.331,8.916
5350317.05,2162,4369.4,7.009,48.478,18.803,11.944,22.511,12.329,22.222,17.778,12.821,9.184
5350318.01,4762,3365.4,10.238,69.876,18.561,15.615,21.331,19.608,25.439,25.439,0,10.714
5350318.02,4137,8418.8,15.822,83.066,20.276,22.621,28.288,11.688,33.52,34.637,0,8.491
5350319.00,4099,3411.3,9.941,64.024,18.615,17.87,25.404,19.643,27.885,30.769,13.964,10.897
5350320.01,5178,7027.7,14.612,48.955,26.909,19.9,28.2,22.346,46.35,39.416,14.734,11.325
5350320.02,5802,6803.5,12.07,65.933,22.571,11.806,21.683,12.264,32.911,26.582,11.24,8.549
5350321.01,3808,3030.2,7.031,73.958,15.385,13.264,24.286,12.687,18,42,12.563,15.751
5350321.02,3879,3186.8,10.354,70.38,15.982,18.48,25.412,16.429,38.739,37.838,13.115,14.583
5350322.01,4495,21600.2,17.705,83.497,22.449,21.202,27.74,14.798,31.847,34.395,9.223,6.304
5350322.02,3814,2712.5,7.235,74.92,13.125,16.238,29.882,8.824,30.337,32.584,11.792,18.224
5350323.01,4274,4130.7,6.999,65.321,19.355,11.758,20.046,15.108,32.821,42.564,9.712,10.377
5350323.02,4950,2705.7,4.053,65.974,13.357,10.175,17.576,13.043,30,63.571,10.455,11.786
5350324.01,3275,2765.3,6.354,75.794,25.907,11.649,25.852,14.907,19.298,14.035,10.692,9.728
5350324.02,5925,3133.8,4.706,81.345,26.271,13.854,27.201,12.245,21.6,13.6,10.884,12.911
5350324.03,3671,1694.2,6.174,68.859,12.844,11.528,24.682,15.152,28.205,20.513,10.078,8.491
5350324.05,3336,5087.7,5.471,82.523,16.129,9.285,25.526,9.375,32.292,23.958,6.716,5.957
5350324.06,3442,5246.2,7.556,82.84,18.137,10.519,16.48,6.306,25,38.889,6.897,9.42
5350330.00,4252,1901,1.381,33.142,15.447,5.754,10.441,10.769,37.931,42.529,5.976,10.651
5350331.01,5545,3522.9,2.72,41.557,22.571,5.811,12.066,17.61,28.395,32.099,5.854,10.811
5350331.03,6065,11899.2,15.943,89.566,30.519,18.432,31.163,21.324,40,18.182,11.818,15.094
5350331.04,3372,3050.2,6.657,60.968,18.079,6.959,16.959,12.598,22.222,18.519,6.25,11.111
5350332.00,7337,4795.4,6.574,75.433,33.594,13.356,32.138,19.097,33.923,15.634,12.397,10.775
5350333.00,4717,1927.5,3.062,47.89,19.925,8.333,17.647,19.171,36,25.333,7.727,10.309
5350334.00,3610,1474.7,2.101,27.069,14.146,7.293,14.249,14.179,34.211,34.211,6.211,12.069
5350335.00,7857,3523.5,5.304,60.192,21.602,11.31,23.733,17.516,38.411,26.159,8.995,11.47
5350336.00,6901,4283.4,3.715,48.143,18.325,9.51,18.079,20,33.333,34.524,9.189,10.345
5350337.01,1177,5835.4,4.082,39.184,33.898,15.102,26.724,39.216,36.923,29.231,10.638,7.143
5350337.02,2008,3105,4.692,27.193,34.314,19.298,21.622,33.333,35.455,30.909,8.081,9.489
5350338.00,6092,3616.5,2.129,23.669,17.933,9.91,14.685,16.279,22.905,21.788,6.557,10.456
5350339.00,6937,3817,2.091,18.673,15.681,7.282,9.408,10.471,36.598,44.33,6.443,11.628
5350340.00,6931,5466.5,13.062,67.513,19.73,15.809,24.549,20.229,42.918,18.884,11.217,12.545
5350341.02,4576,5688.7,7.558,65.93,18.721,13.488,29.231,14.57,35.032,21.019,13.974,10.778
5350341.03,3185,7962.5,11.038,90.625,38.554,25.041,44.954,20,40.529,15.419,17.073,18.125
5350341.04,6152,9168.4,8.72,78.476,25.51,15.554,31.925,25.725,34.675,20.124,13.445,12.174
5350342.00,7329,5925.8,6.689,75.862,22.111,9.797,21.582,20.667,35.417,27.083,10,9.302
5350343.00,4260,3828.9,6.626,62.699,25.877,15.337,27.983,24.54,37.069,25.862,13.08,10.356
5350344.01,5183,4878.6,5.345,78.641,24.06,14.757,28.924,16.59,32.941,23.529,12.075,13.429
5350344.02,3301,14816,6.757,76.992,38.69,19.248,38.226,18.605,28.342,16.043,10.929,13.305
5350345.00,4042,5121,5.125,71.536,20.188,11.75,21.154,20,25.424,18.644,10.798,9.118
5350346.01,4630,3059.5,7.228,78.618,32.51,11.771,26.907,22.449,31.414,14.136,10.219,14.433
5350346.02,5323,13307.5,14.286,85.714,29.433,12.5,23.423,18.557,31.985,18.382,9.091,8.282
5350347.00,3390,2261.2,5.745,73.561,17.143,10.886,13.505,16.031,43.243,43.243,9.697,7.692
5350348.00,5780,2495.8,3.619,53.853,21.429,7.992,16.187,16.279,31.169,31.169,7.28,9.184
5350349.00,5633,6428.9,9.123,67.889,30.921,17.084,25.214,28.507,42.907,25.606,9.539,10.612
5350350.00,5228,1555.5,4.649,56.019,22.909,11.09,23.26,12.785,34.351,30.534,10.131,11.161
5350351.01,5376,5514.4,9.108,67.014,27.083,12.701,25.305,20.197,29.703,16.337,10.403,10.19
5350351.02,2683,4732.8,9.567,73.153,26.761,15.135,23.944,19.048,29.167,21.667,10.526,10.331
5350352.00,5278,4684.1,7.246,78.958,21.852,12.741,22.284,17.826,39.823,20.354,10,12.121
5350353.02,5464,4511.6,6.497,72.667,23.693,10.556,23.81,16.667,36.752,21.368,10.55,9.79
5350353.03,3000,7351.1,8.304,86.135,20,11.265,21.698,20.175,18.966,20.69,10.274,11.236
5350353.04,4255,6758.3,5.14,80.841,31.839,11.215,29.581,16.23,31.579,17.105,11.837,15.152
5350354.00,5421,4098.1,6.094,78.301,19.643,11.542,25.044,21.293,24.49,23.469,11.284,10.994
5350355.02,5097,4630.3,7.262,80.747,28.975,11.482,21.723,19.617,42.029,25.362,9.735,11.82
5350355.04,5152,8956.9,10.924,79.266,33.588,14.187,22.555,20.29,32.129,22.088,10.638,11.512
5350355.05,3525,11283.6,12.465,80.444,33.143,17.614,26.667,22.143,43.478,30.435,9.091,11.027
5350355.06,1791,9337.9,8.589,85.89,44.211,15.951,30,16.25,29.487,14.103,10.396,7.317
5350356.00,4962,3218.1,4.837,69.19,19.455,9.368,19.192,13.402,24.138,31.034,9.504,10.714
5350357.01,6706,6465.5,7.614,85.279,23.263,18.347,34.478,25.329,34.511,19.022,13.043,14.094
5350357.02,5001,4579.3,6.458,79.479,44.28,20.625,35.944,18.041,44.643,13.839,12.195,12.982
5350358.01,3504,3125.2,1.662,59.751,23.711,8.16,21.703,22.449,33.333,25,8.28,9.474
5350358.02,5280,8545.1,4.031,71.141,36.704,14.587,28.439,23.556,34.078,16.201,10.924,10.723
5350358.03,5718,5233.4,5.696,76.38,35.531,15.837,32.313,21.368,34.538,16.867,9.15,13.964
5350359.00,7681,3479.3,6.733,78.137,36.386,16.314,29.382,22.449,43.494,22.305,11.839,11.967
5350360.00,6231,1377.7,3.379,62.54,20.282,7.476,17.411,19.772,25.714,21.429,7.904,11.273
5350361.01,6037,2057.3,2.178,43.886,14.571,3.849,10.784,11.261,40.541,43.243,5.975,11.95
5350361.02,7416,3001.7,1.215,52.362,16.18,4.316,10.907,15.504,22.581,22.581,4.334,9.601
5350362.01,6291,2523.3,3.03,80.978,25.915,9.161,16.358,15.094,28.889,21.481,7.115,11.359
5350362.02,5803,2990.8,3.72,78.268,14.78,7.706,18.513,9.363,14.583,18.75,7.025,13.088
5350362.03,6875,2098.8,3.65,78.832,17.403,11.971,19.815,16.294,14.286,22.449,9.118,12.477
5350362.04,5240,3889,4.467,78.985,26.132,6.904,16.959,21.622,24.51,28.431,6.731,8.789
5350363.02,3270,2749.1,3.828,68.312,22.283,9.873,16.765,15.126,31.373,31.373,8.696,9.266
5350363.04,3908,3471.3,7.116,86.392,21.327,7.865,19.506,19.126,32.075,24.528,9.774,15.051
5350363.05,4665,9244.9,11.645,89.85,37.768,18.25,32.909,18.644,39.655,17.672,13.333,19.035
5350363.06,7176,8740.6,14.237,90.599,22.03,14.908,22.688,16.502,25.397,26.984,9.949,9.585
5350363.07,5164,2303.1,10.251,83.518,27.734,22.412,36.643,15.574,38.095,19.365,13.253,14.844
5350364.01,5865,2048.6,5.827,76.007,21.905,10.111,21.474,17.717,27.419,17.742,9.434,12.708
5350364.02,3110,4211.8,3.966,75.648,17.791,12.608,20.732,17.5,27.451,35.294,9.783,10.121
5350365.00,7650,4880.7,9.625,83.656,17.347,14.018,24.941,15.668,28.205,21.795,12.079,11.142
5350366.00,6228,4329.8,7.53,76.58,24.633,13.776,25.782,15.088,32.919,13.665,10.882,11.049
5350367.01,4534,6357.3,14.48,85.068,18.852,15.724,24.291,14.414,29.24,14.035,9.504,11.051
5350367.02,3560,3454,3.542,67.847,18.974,9.401,20.611,12.903,36.364,42.424,8.876,9.709
5350368.01,6624,7455.3,13.128,87.247,18.006,21.814,25.368,14.286,26.667,33.81,8.406,6.583
5350368.02,4365,2793.2,4.803,70.9,18.552,9.975,25,13.415,27.885,25,8.571,14.329
5350369.00,8145,3325.4,6.654,75.126,21.429,12.94,24.41,19.22,35.294,17.647,10.119,11.873
5350370.01,9656,5499.2,10.021,88.291,27.778,13.924,26.407,19.253,35.311,20.339,10.136,9.204
5350370.02,5574,2451.4,8.31,82.276,21.843,11.567,21.429,17.143,21.818,26.364,8.949,10.515
5350370.03,4262,4972,4.429,66.356,24,10.943,21.525,18.681,30.769,19.78,9,8.267
5350371.00,8463,2272.5,7.36,61.922,19.91,11.375,20.343,19.881,31.737,34.731,10.54,10.373
5350372.00,4333,3287.8,5.114,59.205,16.807,8.295,17.303,16.201,34.783,36.957,9.14,12.272
5350373.00,4934,5147.1,7.503,65.329,26.374,15.329,22.134,17.708,36.723,23.729,10.182,10.952
5350374.01,5150,4339.8,8.427,71.442,20.548,13.296,18.774,11.966,23.077,17.308,9.95,10.788
5350374.02,3171,3952.4,5.024,74.254,22.472,7.221,19.231,16.832,17.391,17.391,11.792,8.273
5350374.03,4053,5016.1,8.713,78.516,22.749,14.714,27.805,16.107,31.606,25.389,11.688,9.06
5350375.01,6266,6574.3,9.295,63.512,29.275,15.798,30.161,17.949,35.331,27.76,12.687,9.318
5350375.02,1887,3074.3,1.644,55.22,13.333,2.74,12.255,8.955,31.579,31.579,7.273,14.371
5350375.03,5221,6436.9,9.1,83.128,28.214,15.166,26.987,17.391,31.336,14.747,10.194,11.695
5350375.04,5785,6279.2,6.926,84.689,22.018,10.563,22.549,13.559,19.444,23.611,11.073,9.35
5350375.05,6915,6122.7,7.004,70.996,19.321,11.119,21.182,12.941,34.672,28.467,7.868,8.259
5350376.01,5025,4804,6.693,83.516,30.035,18.382,29.868,19.731,26.923,13.462,13.781,13.833
5350376.02,4667,5437.5,9.187,93.446,25.191,15.011,27.439,14.973,38.596,27.193,13.281,9.409
5350376.04,5296,4435.1,9.238,89.143,18.812,12.559,23.473,11.561,33.333,25,11.268,11.376
5350376.05,6299,4879.9,4.531,94.913,17.416,17.82,31.197,24.868,46.875,40.625,16.905,9.296
5350376.06,428,195.3,0,96.429,25,19.643,40,0,0,0,23.077,0
5350376.08,6056,6891.2,7.441,84.435,21.326,10.628,22.186,19.369,24.528,33.962,12.935,9.74
5350376.09,4250,5305.9,6.901,89.091,20.392,14.891,28.027,21.429,31.915,27.66,13.953,8.451
5350376.11,3313,7042.9,10.016,83.906,31.111,11.25,28.775,21.138,27.957,16.129,12.27,8.333
5350376.12,5081,5570.1,6.075,74.06,17.785,10.222,21.218,9.645,28.302,28.302,10.288,8.578
5350376.13,3626,7095.9,5.202,91.919,19.91,14.43,26.81,8.571,37.5,37.5,13.75,10.233
5350376.14,3472,4716.1,6.465,91.598,18.447,15.702,25.134,19.231,27.778,33.333,12.717,15.603
5350376.15,3560,3898.8,3.894,88.579,18.018,13.092,25.843,14.851,32.5,37.5,11.364,5.909
5350376.16,4484,16515.7,13.253,82.63,22.749,17.973,23.188,15.646,40.234,35.938,9.497,6.349
5350377.02,4356,2285.4,4.828,82.184,17.742,11.609,26.059,13.043,26,24,14.22,11.897
5350377.03,2682,4125.5,3.605,82.89,18.065,7.97,23.427,16,18.519,25.926,15.441,12.371
5350377.04,5466,6188.2,7.35,93.285,19.243,12.16,27.986,18.447,27.027,27.027,16.14,10.369
5350377.06,3408,6660.2,5.414,97.59,21.164,17.62,33.242,19.658,15,15,19.307,14.894
5350377.07,4556,5958.7,5.862,92.989,20.648,15.04,31.158,20.863,25.806,25.806,17.431,12.298
5350377.08,4912,3873.2,6.593,85.215,18.794,13.986,26.346,17.526,19.697,19.697,0,10.724
5350377.09,5506,7052.6,13.346,90.176,18.792,20.482,24.514,15.789,22.105,40,0,8.233
5350378.02,2970,2806.1,9.431,86.179,19.62,12.683,26.415,9.249,26.471,17.647,12.414,13.765
5350378.03,7948,3616,8.496,88.924,25.508,9.566,20.657,17.28,25.862,25.862,9.929,8.367
5350378.04,5958,4657.2,6.899,91.445,23.077,9.302,24.038,21.053,24.242,17.172,12.121,10.309
5350378.05,3905,5367,4.781,82.869,31.797,5.179,20.488,18.994,28.736,22.989,8.696,11.276
5350378.06,5763,3234.2,6.179,92.254,23.625,9.408,21.768,18.467,29.167,19.444,10.884,10.115
5350378.07,6694,2386.7,7.256,89.677,23.387,10.717,22.825,19.502,31.092,29.412,10.3,9.789
5350378.08,6275,7084.8,5.493,93.22,21.644,10.815,23.476,14.027,36.111,33.333,11.781,11.847
5350378.11,5633,5872,5.845,92.169,24.749,12.241,22,19.844,46.067,28.09,9.424,14.035
5350378.12,5300,6761.1,8.28,86.753,33.451,13.155,25.993,19.431,36.932,30.114,10.042,11.682
5350378.14,3707,3989.9,7.351,91.69,22.816,17.867,24.409,14.384,37.234,25.532,15.842,10.432
5350378.16,5695,8924.9,3.93,96.681,21.317,11.703,22.241,18.776,43.548,38.71,9.945,13.08
5350378.17,3265,6888.2,2.477,88.372,30.286,7.597,24.355,15.541,29.31,13.793,9.677,10.638
5350378.18,2587,28459.8,6.026,95.48,30.128,15.254,32.171,14.865,34.694,28.571,13.445,11.538
5350378.19,4808,1067.9,4.366,96.466,16.364,11.446,23.282,17.895,0,19.048,14.453,13.766
5350378.20,1918,17516,5.42,91.599,23.729,17.886,34.896,18.605,27.273,27.273,16.667,8.871
5350378.21,3612,5146.8,7.574,93.408,19.024,15.428,26.344,20.339,20,20,15.429,9.091
5350378.22,3114,5852.3,5.854,96.513,19.337,17.908,27.746,16.529,30.769,38.462,18.293,10.599
5350378.23,3840,2507.5,8.79,90.318,20.435,9.936,24.146,16.429,20,14.286,13.187,10.631
5350378.24,5820,2316,5.467,96.117,19.315,14.122,26.405,14.976,30,30,13.149,12.207
5350378.25,7612,1610.7,5.253,98.87,14.878,7.114,20.17,14.54,21.429,26.19,8.5,8.798
5350378.26,4867,2991.9,4.133,97.177,15.414,5.954,19.101,13.765,17.857,17.857,7.451,13.666
5350378.27,5547,278.6,3.159,94.941,19.601,7.317,18.937,14.118,28,26,8.251,10.556
5350378.28,6946,3117.9,3.827,94.513,24.679,6.787,20.561,19.388,26.923,16.667,9.063,8.174
5350400.02,5883,3516.9,2.845,48.576,10.112,5.177,9.764,8.867,29.412,35.294,4.528,10.843
5350400.03,2848,3595.1,4.089,60.818,11.494,3.918,14.533,11.765,22.222,33.333,7.2,11.574
5350400.04,1975,606.1,5.352,51.977,14.783,9.605,18.537,13.559,25,27.5,8.791,11.613
5350400.06,3026,3204.5,2.483,41.459,16.304,3.151,10.231,8.824,23.81,19.048,4.688,9.562
5350400.07,3425,2182.9,3.298,38.981,13.706,6.147,10.234,8.333,32.143,35.714,4.667,10.425
5350400.08,3061,1743.2,3.398,48.867,18.072,15.049,21.222,4.396,38.235,37.5,9.302,13.472
5350400.11,5933,3546.1,5.818,95.7,13.595,8.003,22.698,11.027,29.268,26.829,11.525,11.088
5350400.12,6620,3876.1,5.596,70.965,15.854,9.359,18.102,15.421,27.273,30.909,9.477,10.425
5350400.13,6377,4990.2,6.975,96.471,14.749,8.471,24.184,19.128,26.23,16.393,12.76,10.626
5350400.14,5604,5315.4,4.193,95.897,16.72,9.991,24.202,15.487,26,26,13.669,9.07
5350400.15,4559,2135.5,2.46,45.299,11.636,6.944,10.526,11.111,23.81,33.333,5.479,10.847
5350400.16,5203,2335.5,3.458,78.386,11.824,4.904,14.286,6.612,0,18.75,6.226,14.254
5350400.17,4371,7315.5,6.849,96.005,17.021,13.47,26,18.421,27.419,27.419,15.152,12.397
5350400.18,2418,8171.7,7.884,98.755,21.805,12.033,30.962,17.172,23.913,21.739,17.117,15.607
5350400.19,11590,4708.9,4.944,78.441,15.822,6.726,13.958,10.078,20.312,43.75,5.458,9.314
5350400.20,5740,1102.3,5.829,94.631,13.793,7.643,17.271,14.201,21.622,48.649,9.333,7.676
5350400.21,3068,900.7,8.948,91.68,15.47,11.774,19.162,15.094,23.077,30.769,8.759,7.292
5350400.22,10353,704,3.671,91.691,11.858,5.604,16.651,12.47,22.222,36.508,7.436,8.649
5350400.23,10615,2523.1,5.514,94.677,13.23,7.113,20.47,12.869,24.742,32.99,11.111,10.105
5350401.04,3065,4141.9,6.27,87.637,17.514,11.268,24.308,12.621,20,25,13.103,9.836
5350401.05,3245,397.3,11.411,92.342,24.176,25.976,32.5,13.534,27.731,34.454,11.31,5.667
5350401.06,6048,3448.5,7.003,84.372,14.325,12.297,22.132,11.983,28.986,52.174,8.077,9.346
5350401.07,4147,2385.5,2.516,59.446,13.248,10.957,17.577,7.843,26.829,31.707,5.909,14.34
5350401.08,3238,2274.2,4.082,69.825,13.918,12.682,19.461,8.497,15,45,7.563,14.523
5350401.09,7885,3590.5,6.536,91.18,17.012,13.959,23.378,12.037,30.137,39.726,8.223,10.499
5350401.10,4508,1122.9,3.103,85.172,12.5,5.402,19.406,10.828,0,27.778,7.265,11.549
5350401.11,6354,5690.5,4.13,95.155,16.298,12.003,20.061,18.182,32.075,20.755,11.688,9.628
5350401.13,6839,6902.5,6.237,95.021,18.797,14.446,29.065,24.242,28.986,30.435,20.505,12.184
5350401.14,7408,3163.9,2.431,81.026,10.596,8.71,19.49,8.633,20,28,7.647,12.366
5350401.15,2755,2469.3,5.704,67.558,13.415,12.656,16.606,13.514,50,52.941,8.333,8.955
5350401.17,3339,3006.2,4.441,89.491,16.5,11.349,24.571,14.773,23.81,38.095,14.525,9.091
5350401.18,8632,1408,12.211,88.593,18.526,21.077,25.35,13.702,29.363,45.706,11.413,8.238
5350401.19,6305,3785.4,4.13,94.818,18.478,16.032,28.313,18.137,27.869,31.148,18.254,12.156
5350401.20,4107,6527.3,3.478,98.137,16.883,8.696,26.329,16.667,0,0,15.421,10.927
5350401.21,2707,5769.4,6.284,97.133,17.763,12.926,26.557,20.721,0,0,16.547,10.194
5350401.22,8355,3791.7,7.262,94.646,15.735,12.377,24.659,10.811,34.783,44.928,12.162,9.839
5350401.23,1896,1075.7,3.846,88.175,17.699,12.082,21.569,13.333,0,0,11.111,9.589
5350402.01,2433,1229.5,4.228,59.408,13.072,6.131,13.619,15.714,11.905,21.429,5.882,8.879
5350402.02,5837,3439.2,11.121,77.23,19.632,22.43,28.405,13.74,38.857,39.429,18.065,10.827
5350402.03,3104,2030.7,5.922,47.377,19.337,6.926,17.252,13.542,42.857,45.714,8.661,11.735
5350402.04,4960,1752,4.374,63.085,13.681,5.771,15.28,11.613,26.316,36.842,6.934,11.749
5350402.05,1969,1400.2,1.259,55.668,13.71,6.045,17.476,13.514,0,83.333,9.804,12.5
5350402.06,5910,3323.2,8.982,51.795,22.059,13.43,21.943,13,41.117,35.533,11.151,9.267
5350402.07,2041,1580.5,4.706,56.235,15.748,7.059,15.493,22.667,20,45,8.081,8.187
5350402.08,5827,3233.3,2.921,65.893,10.904,10.825,17.327,14.286,48.889,40,7.755,10.428
5350402.09,3644,2347.3,3.792,42.335,18.182,11.938,16.971,16.19,35.417,36.458,10.983,11.407
5350402.10,3882,3774.4,5.175,67.788,17.672,8.409,15.038,8.85,19.048,28.571,6.522,5.429
5350402.12,6069,1452.1,9.053,89.615,19.492,17.755,27.484,11.22,25.333,37.333,12.264,6.215
5350402.13,4734,1509.1,2.64,65.576,8.738,4.435,14.173,5.634,0,37.5,5.189,9.496
5350403.01,6936,1681.7,3.172,84.921,17.773,9.596,21.379,13.22,17.143,18.571,6.627,13.417
5350403.04,4147,2007,7.541,94.657,12.048,7.201,17.249,8.075,0,41.667,6.481,9.04
5350403.05,4658,1142.9,5.799,80.175,11.679,13.91,20.259,11.957,15.625,34.375,6.696,11.728
5350403.07,12448,5375,7.714,93.328,14.624,9.683,21.557,10.438,26.374,37.363,9.524,10.169
5350403.09,4859,5717.8,6.893,94.65,13.38,10.391,21.277,9.302,32.258,61.29,8.907,11.443
5350403.10,5779,4917.9,6.061,93.506,16.374,11.948,20.719,8.444,36.364,45.455,9.408,10.583
5350403.11,10637,5079.5,6.306,94.873,13.957,8.467,20.105,9.023,17.241,29.31,8.333,9.779
5350403.12,9890,3992.4,3.389,89.636,10.612,5.615,15.508,9.392,25,37.5,6.491,8.372
5350403.13,6694,4345.6,7.132,76.614,13.59,5.615,14.565,12.376,36.364,52.273,6.786,7.904
5350403.14,11336,5298.9,7.406,89.49,13.333,9.712,19.538,10.441,27.731,39.496,8.277,9.722
5350403.15,12558,913.1,4.861,91.195,11.615,9.721,18.103,11.747,17.757,37.383,7.581,6.627
5350403.16,4649,78,4.541,75.899,13.433,8.448,15.892,5.517,22.727,33.333,8.846,10.973
5350410.02,4193,5279.5,5.647,62.118,16.535,5.412,14.444,15.2,28.571,28.571,8.057,10.053
5350410.03,6841,3635.3,3.511,31.163,11.634,7.974,14.946,11.111,28.261,39.13,7.407,9.859
5350410.04,3738,4783.7,3.534,22.876,9.722,5.752,14.455,13.953,36.585,34.146,6.395,10.741
5350410.05,5941,1357.2,2.607,26.684,10.286,5.724,11.969,10.037,0,29.412,5.263,13.761
5350410.07,3439,3914.6,3.556,53.107,12.136,4.882,11.389,14.394,25,50,6.173,10.469
5350410.09,5094,4154,4.691,51.761,17.254,10.886,17.934,15.504,28.169,35.211,10.573,10.16
5350410.10,3756,7369,3.154,33.771,11.538,7.49,13.731,18.018,25.714,48.571,6.207,12.048
5350410.11,3954,4949.3,1.292,16.15,13.198,5.039,15.611,10.667,22.951,14.754,6.79,10.887
5350410.12,7282,8267.5,6.671,26.843,20.616,16.261,23.232,14.815,35.47,44.872,12.862,7.707
5350410.13,6430,1840.6,2.412,20.762,9.574,2.722,10.375,9.524,0,52.941,5.346,11.813
5350410.14,5654,4856.6,2.653,37.522,12.281,5.305,12.521,11.574,16.667,20.833,6.007,11.753
5350410.15,1786,2348.1,4.19,49.304,22.321,3.343,13.966,18.182,20,22.857,8.861,10.145
5350411.01,5327,2870.8,6.093,59.961,17.822,7.157,14.568,18.902,29.091,32.727,8.108,9.208
5350411.04,5229,3526.4,1.816,31.579,13.836,3.349,9.369,10,36.842,36.842,3.782,8.798
5350411.07,4204,2392.7,3.551,27.148,14.113,5.04,9.589,8.5,29.167,41.667,4.145,10.462
5350411.08,7466,252.7,11.22,63.84,16.539,17.812,21.693,13.417,29.586,50,9.205,9.47
5350411.09,6093,4365.9,4.266,43.97,13.573,2.625,12.444,8.627,32.143,35.714,6.383,8.086
5350411.12,5369,4203.7,5.214,38.175,14.098,5.312,12.715,11.407,32.143,32.143,6.05,10.131
5350411.15,4142,2952.7,4.734,38.771,15.854,3.669,12.156,16.364,37.5,45,5.759,7.532
5350411.16,7296,204.7,3.797,40.999,12.808,6.545,11.445,11.29,19.672,32.787,5.248,9.791
5350411.17,10136,2460.9,6.614,55.501,9.842,7.4,16.456,9.677,12.195,48.78,7.4,10.27
5350411.18,11190,3908.8,5.811,56.166,11.47,4.2,14.028,9.893,19.403,46.269,6.474,7.231
5350411.19,9979,2378.7,5.314,36.405,12.546,8.806,14.257,13.522,17.568,58.108,7.946,8.289
5350411.21,2421,1128,5.697,69.745,18.382,6.876,16.535,18.657,33.333,60,7.971,9.504
5350411.22,5306,3944.1,5.258,50.146,15.738,3.895,13.41,12.109,10.811,27.027,6.25,10
5350411.23,4616,4083.5,3.538,40.437,16.667,7.908,13.779,12.048,23.81,42.857,5.825,8.784
5350411.24,7363,6296.9,8.521,81.54,16.41,11.24,23.086,14.921,37.662,31.169,10.918,8.606
5350411.25,3323,3664.9,6.876,75,14.973,8.234,17.538,18.493,34.783,52.174,7.65,10.368
5350411.26,5277,5156.8,2.559,47.249,15.254,4.36,10.667,11.952,20,23.333,5.515,7.101
5350411.27,3945,3474.9,4.611,36.675,12.442,3.953,9.023,12.568,0,0,3.743,11.905
5350411.28,4985,5436.8,3.046,36.207,12.1,6.497,13.124,9.341,21.739,47.826,7.143,7.579
5350411.29,5793,2945.5,5.218,44.311,12.654,10.436,15.963,11.688,26.531,44.898,6.207,10.022
5350411.30,6984,4385.8,6.017,41.189,12.189,5.655,13.104,11.027,11.765,44.118,6.069,8.177
5350412.01,7278,1673.4,2.947,29.986,16.507,5.333,12.256,15.385,27.835,43.299,6.122,8.104
5350412.02,10261,1680.3,3.789,28.749,22.592,6.53,14.2,14.865,32.701,42.18,5.943,7.403
5350412.04,4282,611,2.186,24.483,12.406,3.563,10.187,8.511,20,0,6.452,7.778
5350412.06,3297,3148.4,2.484,18.295,15.385,3.876,9.821,13.684,35.294,41.176,5.405,7.422
5350412.08,2543,2754.8,1.976,25.641,11.465,2.367,11.29,15.625,31.579,31.579,6,11.364
5350412.10,5691,2899.6,2.982,38.947,16.667,4.737,12.116,15.721,35.714,42.857,7.789,10.412
5350412.11,4443,165.2,1.253,26.538,13.147,4.897,8.791,12.5,27.273,45.455,5.333,6.538
5350412.12,3922,3804.1,4.569,45.561,18.803,7.18,15.085,11.321,31.034,34.483,6.436,9.434
5350412.13,5129,1992.4,4.119,25.287,13.057,5.556,10.176,14.451,17.857,32.143,4.819,8.715
5350412.14,3247,1466.9,0,12.519,6.701,1.679,6.769,3.593,0,0,2.778,10.423
5350412.15,5689,1271.2,1.966,17.054,13.15,5.451,9.928,9.804,22.222,40.741,5.039,9.272
5350412.18,7096,1050.7,0.846,20.677,9.133,2.399,8.458,9.061,17.647,35.294,4.114,10.383
5350412.19,9254,3261.9,2.216,30.254,13.602,2.269,8.603,10.913,14.286,32.143,4.681,8.132
5350412.20,5528,4322.8,2.08,26.606,14.241,2.081,9.709,10.4,15,0,3.759,9.455
5350412.21,21,5.4,,,,0,0,0,0,0,0,
5350412.22,8911,4329.1,2.804,44.725,12.32,6.51,11.308,8.356,27.083,50,5.361,8.269
5350412.24,8731,4668.7,6.128,55.899,15.638,4.296,13.567,13.433,17.778,44.444,6.061,6.506
5350412.25,5469,3535.9,2.285,50.64,13.115,3.382,12.959,13.934,20,40,6.028,8.793
5350412.26,6018,7460.9,2.826,61.96,15.361,4.734,13.235,11.392,25.806,54.839,6.329,6.922
5350413.01,16587,236.9,2.39,45.758,10.41,5.023,13.164,10.697,12.121,40.909,5.394,9.318
5350413.02,15154,2356.6,4.358,53.468,12.3,6.143,13.384,11.455,24.615,43.077,6.424,7.932
5350420.03,7043,3087.7,8.321,68.826,21.463,14.164,23.219,15.748,36.364,34.387,10.932,11.212
5350420.05,7993,1815.7,6.015,86.09,16.838,15.602,22.713,13.603,32.704,38.994,10.271,8.183
5350420.06,4978,2974.2,3.976,89.374,11.364,8.54,20.115,9.884,17.647,23.529,7.489,11.898
5350420.08,4459,5117.1,4.478,53.961,21.79,14.335,22.883,22.764,37.5,35.938,12.121,9.121
5350420.09,4804,8196.6,8.368,57.688,25.091,14.861,25.259,15.723,29.252,26.531,10.256,8.271
5350420.10,3662,1117,3.397,91.973,12.676,12.925,23.664,9.677,0,50,7.602,7.755
5350420.11,5917,2138,3.973,83.939,11.517,10.82,22.512,10.169,0,34.783,8.108,13.008
5350420.13,6205,3322.6,8.911,75.165,18.715,13.944,21.753,15.179,31.092,44.538,9.206,9.028
5350420.14,8657,9739,10.225,73.137,19.921,15.945,23.259,11.897,36.279,38.605,11.111,9.379
5350420.15,2333,2412.4,3.947,81.319,11.511,8.352,24.38,15.476,30.769,46.154,9.259,13.725
5350421.01,7209,1631.6,5.997,53.347,12.354,11.715,20.997,12.313,32.836,40.299,12.121,11.89
5350421.04,3715,5322.3,8.086,47.709,19.91,9.569,18.033,9.091,33.333,50,9.816,8.014
5350421.05,3408,3351.4,4.985,40.469,13.397,5.572,14.731,12.621,25,30,8.046,10.32
5350421.06,4294,4038.8,6.057,53.371,15.116,14.4,21.219,12.409,30.435,34.783,10.976,8.15
5350421.07,4018,2578,3.891,46.822,9.388,8.808,16.216,12.838,23.333,36.667,9.278,10.653
5350422.02,5842,3119.2,9.843,62.035,25.309,15.207,26.465,16.594,36.667,30.952,13.043,12.922
5350422.03,6807,1895.9,5.026,81.758,13.217,10.931,18.688,11.694,26.087,41.304,7.162,9.556
5350422.04,3761,4483.8,4.272,90.387,11.062,6.676,20,11.392,15,35,7.981,11.371
5350422.05,6730,4336.6,6.241,87.816,13.317,9.064,21.353,8.054,28.889,55.556,7.965,11.131
5350422.06,5356,2913.7,8.638,56.567,22.68,15.103,29.144,16.393,32.857,31.905,13.548,9.116
5350423.01,3738,2159.3,5.375,40.311,16.204,7.062,16.111,14.159,31.481,37.037,6.748,11.273
5350423.02,7750,2928.1,3.977,46.218,15.502,11.09,17.327,14.107,30.935,36.691,9,12.748
5350424.04,2542,1854.8,4.731,78.233,11.613,8.836,17.045,9.195,36.364,54.545,7.937,9.231
5350424.05,8853,3903.4,5.266,77.292,16.433,10.296,22.032,13.624,35.385,44.615,8.458,10.863
5350424.07,8306,3957.5,7.646,66.506,12.757,9.217,18.539,11.582,32.653,59.184,6.971,9.407
5350424.08,7012,3033.9,6.348,56.705,10.74,7.989,16.358,10.031,28.571,34.286,8.312,9.168
5350424.09,4648,2190.7,7.143,51.891,13.208,10.2,16.433,14.737,26.829,48.78,9.453,10.364
5350424.10,6441,2357.1,4.035,38.419,9.945,6.087,11.41,7.491,34.615,50,5.28,11.532
5350424.11,8859,2129.6,5.201,56.077,13.654,9.78,16.991,10.736,25.581,47.674,9.333,11.219
5350424.13,4554,175.5,7.641,82.262,12.167,14.967,19.078,12.329,17.857,41.071,8.442,8.333
5350424.14,13157,2687.1,5.439,61.468,11.436,7.075,15.602,10.284,17.568,48.649,7.003,8.379
5350424.15,9958,1440.9,6.781,72.088,13.345,8.986,18.273,10.08,20,42.667,8.238,9.877
5350424.16,9013,2533.9,7.111,73.278,11.9,9.273,19.114,9.73,26.667,55.556,7.391,12.219
5350430.03,6001,1899.4,1.302,29.34,14.035,5.035,8.983,13.043,31.579,39.474,5.208,9.568
5350430.05,7487,3484.3,2.45,47.682,9.524,4.169,9.946,6.723,25,41.667,5.128,10.961
5350430.06,7367,3591.9,3.75,64.167,12.201,5.903,10.986,10.849,0,25.806,5.51,6.987
5350430.07,10270,1072.4,3.702,53.239,11.765,6.478,11.35,13.072,27.027,35.135,4.9,7.858
5350430.08,5992,894.4,2.897,56.918,13.456,4.557,12.838,8.38,43.939,50,4.61,8.253
5350431.01,6534,133.1,0.935,25.857,9.456,5.14,10.159,12.069,17.073,29.268,7.025,11.611
5350431.02,6213,46.5,1.292,38.579,10.963,8.475,15.868,8.559,25.455,40,7.947,13.362
5350440.00,7728,343.9,2.78,35.738,14.379,8.206,13.089,10.526,29.787,42.553,6.553,11.962
5350441.02,4356,2786.1,4.848,31.152,20.084,12.121,15.854,12.5,35.294,36.765,8.511,10.602
5350441.03,7228,2370.1,4.472,24.791,14.554,6.918,10.541,10.545,26.19,36.905,6.838,12.238
5350441.04,5748,1255.2,2.261,30.548,11.976,5.048,10.049,7.28,30,23.333,4.528,12.879
5350442.02,4325,2709.4,5.3,26.99,21.961,8.41,15.728,18.675,29.365,36.508,8.036,10
5350442.03,5110,1274.1,3.317,22.027,8.766,4.971,9.57,8.696,19.048,23.81,4.016,15.919
5350442.04,3680,2468,1.674,17.713,16.895,5.021,10.354,11.811,28.571,37.5,4.348,10.377
5350442.05,7173,2022.3,3.05,39.192,16.176,4.819,10.288,12.598,24.074,48.148,5.141,8.934
5350442.06,16709,2172.5,6.196,63.873,12.577,8.62,15.032,12.229,17.576,38.182,7.711,8.369
5350450.02,3175,2189.4,2.991,19.065,18.121,8.224,15.302,18.75,36.709,34.177,6.299,8.475
5350450.03,8386,1645.8,3.585,31.384,18.124,6.478,12.177,14.238,21.739,26.957,5.641,12.225
5350450.05,6191,2062.1,3.228,42.292,16.621,5.65,13.158,12.698,22.388,28.358,5.316,8.551
5350450.06,8327,2483.5,4.57,56.584,10.042,7.937,14.348,10.127,18.644,35.593,6.89,10.638
5350451.01,2237,2111,2.37,19.431,17.797,8.057,16.908,11.268,21.622,21.622,6.452,9.694
5350451.02,5336,2683.4,3.321,20.095,22.68,9.858,15.17,13.372,36.771,44.843,7.782,11.181
5350451.03,6810,2704.3,3.15,31.158,19.154,5.495,12.156,11.336,31.646,31.646,6.928,12.439
5350451.05,6081,2387.4,3.32,30.1,15.027,6.551,12.813,12.664,26.966,28.09,5.634,9.665
5350451.06,6701,3473.8,5.438,36.206,18.085,3.927,11.095,11.765,20,32.727,5.831,11.293
5350451.07,4927,1407.9,3.715,40.822,16.608,5.216,10.68,11.055,0,14.286,6.107,8.776
5350452.01,3174,2260.2,3.947,18.914,25,7.249,11.824,14.151,27.16,28.395,5.96,8.163
5350452.02,5024,3502.3,5.599,28.88,22.727,12.475,17.181,22.222,31.148,33.333,7.57,9.274
5350452.03,5280,1410.5,1.622,22.805,18.153,7.634,14.045,14.835,33.846,34.615,7.752,10.699
5350452.05,6411,2745.8,4.792,52.826,15.084,8.477,14.701,12.217,19.643,37.5,9.451,9.319
5350452.06,4573,3878.4,5.959,51.84,16.078,6.501,13.514,12.644,18.182,20.455,7.111,7.83
5350452.07,5309,2705.5,1.983,20.113,13.761,4.816,9.506,8.621,31.579,31.579,4.839,8.779
5350455.00,9009,70.8,1.477,16.316,12.209,5.287,9.387,10,29.032,29.032,4.023,10.286
5350456.01,11526,186.5,4.12,42.747,12.903,7.937,15.424,13.684,18,40.667,10.335,9.645
5350456.02,10104,553.8,4.169,34.739,14.017,7.028,12.133,15.473,26.531,43.878,7.326,10.479
5350456.03,3998,106.2,0.403,9.812,13.248,5.78,10.484,16.279,22.581,22.581,7.442,12.239
5350460.01,8659,335.8,1.283,20.758,9.98,4.429,11.98,11.927,16.981,33.962,5.405,11.646
5350460.02,3503,30.9,1.569,19.686,9.548,9.986,13.274,11.29,12.195,14.634,9.322,10.345
5350461.01,7215,439.6,0.416,23.162,9.114,3.537,9.394,12.847,13.793,34.483,4.373,12.478
5350461.02,7956,45.1,0.632,10.936,11.325,5.306,10.667,11.741,23.881,29.851,5.22,11.147
5350470.00,2951,87.6,0,3.082,13.904,7.705,0,20.988,27.273,27.273,6.452,6.093
5350471.00,3283,19.2,0.877,6.871,12.69,6.871,13.725,14.53,24.242,21.212,5.138,14.44
5350472.00,8349,821.1,2.706,23.377,17.755,6.791,11.99,19.565,30.693,34.653,5.263,8.195
5350473.01,6539,1720.8,1.267,12.589,17.033,6.176,11.712,15.385,37.209,36.047,4.87,8.703
5350473.02,6898,2163.9,1.305,17.344,23.951,6.962,14.556,17.647,36.207,35.345,6.761,10.329
5350473.03,3616,1731.8,0.956,9.426,22.17,7.524,13.487,15.748,33.333,36,6.122,9.091
5350474.00,5912,194.7,0.507,7.36,15.978,5.415,12.833,17.318,29.032,29.032,5.806,10.775
5350475.00,7728,589.3,1.068,10.681,20.273,8.55,14.558,12.617,33.884,31.405,6.131,9.135
5350476.01,231,16,0,4.348,42.857,0,0,33.333,0,0,0,12.5
5350476.02,2366,118.6,0,5.442,14.483,9.729,11.333,13.793,19.048,28.571,0,7.5
5350500.01,3678,4560.4,7.524,34.2,27.014,12.859,17.681,16.667,27.57,23.364,9.091,7.386
5350500.02,4780,1513.1,3.665,30.576,25.188,11.414,19.335,22.963,32.749,34.503,9.417,7.031
5350501.01,5718,646.1,5.163,25.725,18.576,7.609,11.111,12.963,23.932,29.915,4.981,9.053
5350501.02,7122,1763.5,2.107,34.715,13.981,6.465,11.286,10.15,26.984,42.857,5.9,10.46
5350502.01,5645,4857.6,5.335,40.09,20.482,6.606,10.932,12.207,30.693,30.693,5.714,5.338
5350502.02,2533,3660.9,5.347,32.277,18.44,2.97,12.446,22.667,33.929,32.143,5.932,6.696
5350503.00,4946,2955.1,4.651,42.77,24.028,8.19,14.724,18.28,35.032,29.936,6.883,8.426
5350504.00,3419,2476.6,4.586,31.852,19.5,5.185,10.694,14.563,17.021,25.532,4.487,10.764
5350505.01,4476,1615.6,1.221,28.857,10.566,3.552,9.636,5.814,0,0,3.98,11.549
5350505.02,5664,1467,1.68,39.876,8.589,3.448,12.234,8.943,0,0,4.314,14.634
5350506.00,2609,1382.6,1.147,31.226,7.792,1.147,7.663,3.261,0,0,2.459,13.043
5350507.00,3707,1797.1,3.571,21.825,14.286,7.53,10.667,9.023,28.571,28.571,5.294,11.538
5350508.00,3533,2690,4.348,28.406,18.095,6.223,12.903,11.215,30.303,45.455,6.918,8.725
5350509.01,5122,2608.1,2.554,27.139,17.667,7.276,11.313,13.559,22.727,29.545,5.118,8.686
5350509.02,3418,1168.9,1.302,19.13,11.94,2.754,8.414,15.854,0,28.571,4.762,6.107
5350510.00,5388,854.3,1.209,18.977,13.678,4.465,7.286,18.065,44.444,44.444,4.314,9.402
5350511.01,6086,13402.3,12.49,64.967,27.829,16.118,24.83,22.749,31.422,26.376,9.657,10.019
5350511.02,4795,3437.5,3.983,36.774,23.656,9.892,16.348,20.482,41.176,33.824,7.083,9.536
5350512.00,6056,2947.8,13.978,54.47,20.427,12.997,23.927,15.023,32.906,22.65,10.891,12.842
5350513.01,6781,1918.4,3.985,40.118,13.418,6.932,13.062,9.363,16.949,16.949,5.502,8.456
5350513.02,6215,5656.2,11.264,55.024,21.93,14.274,23.81,18.137,32.685,20.623,10.356,9.938
5350513.03,3297,3084.2,12.565,64.948,19.394,14.458,20.667,10.484,37.931,29.655,7.643,9.163
5350513.04,3662,2688.5,4.144,37.116,15.982,7.076,13.83,17.46,25.641,28.205,7.453,7.42
5350514.01,2355,704.1,2.784,46.567,11.111,5.15,11.837,13.978,0,42.857,5.825,7.602
5350514.02,5464,2832.8,9.55,67.798,21.575,13.774,23.173,15.745,39.106,23.464,9.69,14.589
5350515.01,4185,1522.7,3.11,28.076,17.131,4.062,14.126,15.094,20.93,20.93,7.212,10.633
5350515.02,3771,2673.5,4.694,38.889,16.256,6.553,13.636,20.325,32.143,26.19,5.988,7.937
5350516.01,5393,3711.9,4.078,47.173,13.48,5.009,11.7,16.146,24.324,21.622,4.563,10.417
5350516.02,4749,2719.3,3.854,47.708,15.636,4.896,11.019,12.366,0,17.647,5.328,10.303
5350516.03,5630,5046.6,4.085,44.05,20.923,7.194,11.876,12.808,26.389,19.444,6.164,6.154
5350516.04,6257,6080.1,13.03,59.712,23.188,12.39,22.05,21.818,25.203,25.203,7.576,7.836
5350516.05,6210,5326.8,5.636,46.457,19.668,5.797,13.782,18.22,28.571,42.857,6.109,8.859
5350516.06,4784,5276.9,3.543,51.086,21.012,5.486,12.975,16.364,28,24,6.373,9.302
5350516.08,6218,4690,7.321,56.763,26.074,9.018,17.705,15.038,25.431,20.69,7.216,8.881
5350516.09,6899,2903.6,4.783,49.456,21.608,6.449,14.965,17.323,25.758,25.758,6.762,8.752
5350516.11,4699,2159.5,2.864,39.068,11.111,5.496,11.461,12.925,0,25,5.155,8.876
5350516.16,5132,1741.6,2.985,45.373,18.056,7.761,17.67,13.364,16,45.333,7.547,8.309
5350516.17,3403,3151.5,3.544,43.606,21.106,7.396,15.294,12.821,21.154,25,4.636,12.766
5350516.18,3428,2964.1,3.404,38.014,14.762,4.681,10.765,17.886,17.857,10.714,6.667,12.709
5350516.20,6104,4622.1,5.492,57.084,12.011,3.358,10.798,14.831,28.125,31.25,4.717,7.509
5350516.21,2898,2141.9,4.505,55.135,12.426,1.622,12.027,12.037,0,66.667,4.73,8.209
5350516.22,6826,4069.2,6.154,60.366,10.471,5.055,11.685,12.618,30.435,39.13,4.598,8.419
5350516.23,5541,4202.2,4.509,58.303,10.938,5.235,12.825,11.155,24,44,4.38,9.328
5350516.24,3953,1400,3.177,49.746,11.57,4.193,10.412,15.337,0,0,5.911,9.749
5350516.25,3749,1335.6,5.319,57.713,19.383,6.658,17.513,12.676,22.034,8.475,6.25,14.474
5350516.26,6580,4401.3,5.756,64.39,18.997,4.608,17.366,18.248,22.727,21.591,6.897,10.976
5350516.28,4571,4993.4,6.695,67.676,14.232,7.892,15.368,13.453,16,36,4.762,9.302
5350516.29,4699,6224.7,7.435,73.599,25.368,6.472,20.641,9.459,17.708,12.5,7.287,13.869
5350516.30,5955,2477.2,6.525,76.421,10.375,6.955,16.887,9.796,25.926,25.926,6.007,14.153
5350516.31,2713,1909.8,5.054,63.718,9.756,5.787,14.527,14.737,0,28.571,7.563,10.648
5350516.32,4971,4759.7,8.644,61.335,13.074,3.238,12.381,9.129,0,0,5.109,11.834
5350516.37,9288,8096.9,15.724,75.354,15.879,17.029,21.188,12.894,25.088,34.629,9.476,10.025
5350516.38,6492,4116.7,11.479,84.681,14.245,8.083,19.764,11.448,20.238,30.952,7.803,11.433
5350516.39,5087,1454.1,6.561,75.746,12.1,4.473,14.801,10.549,20.69,20.69,6.273,9.958
5350516.40,6304,4791.7,7.692,67.248,13.031,5.635,12.278,12.795,25.806,32.258,4.298,10.736
5350516.41,5727,8490.7,11.266,84.206,13.48,7.417,19.667,16.342,27.778,30.556,7.309,9.331
5350516.43,3930,3091.6,8.408,74.046,15.766,10.814,33.333,12.637,24.39,36.585,17.204,12.064
5350516.44,5237,4098.8,9.055,72.835,15.248,9.852,18.553,11.789,18.072,27.711,7.752,14.254
5350516.47,5083,4056.3,6.785,77.461,10.989,5.709,17.455,11.067,29.63,44.444,6.122,11.04
5350516.48,6541,7201.4,10.187,89.191,12.166,10.809,22.08,15.756,22.368,43.421,8.408,10.365
5350516.50,3934,5019.1,8.171,85.714,12.322,7.273,17.051,9.179,16.129,25.806,0,12.712
5350516.51,4543,4827.8,8.541,81.622,12.245,8.973,17.364,14.602,32.353,41.176,0,14.186
5350516.52,4704,7045.1,7.611,83.087,11.789,5.174,17.958,7.407,24.138,48.276,0,10.984
5350516.53,2656,4775.3,4.753,83.429,8.451,3.619,16.3,12.23,0,0,0,12.15
5350516.54,4518,10439,12.859,85.649,15.385,10.677,21.121,14.545,21.111,37.778,0,12.155
5350516.55,4674,4398.2,8.79,83.144,12.653,5.383,19.789,15.612,12.5,33.333,0,10.706
5350517.00,1710,1368.7,2.528,33.427,19.608,7.584,13.143,23.81,25,20.833,6.25,15.603
5350518.00,4328,5836,7.882,58.076,26.222,14.532,24.027,18.713,32.973,25.946,10.86,10.28
5350519.00,3975,3568.9,8.87,56.204,18.75,9.854,17.207,13.068,28.571,25.714,9.524,9.115
5350520.01,5179,1974,8.475,71.94,19.718,10.085,19.252,17.094,28,20,10.385,8.889
5350520.02,7509,4556.4,8.461,74.967,17.84,12.983,21.438,17.273,26.19,31.746,9.409,8.855
5350520.05,3581,6329.1,3.526,69.155,21.951,10.986,18.129,16.547,34.146,25.61,8.434,8.163
5350520.07,4929,14544.1,22.099,87.286,17.692,16.145,26.389,23.077,29.108,22.535,10.072,11.06
5350520.08,6094,5529.9,7.301,64.397,18.895,7.471,18.7,12.5,28.767,30.137,6.97,8.478
5350520.09,7166,26220.3,17.121,78.911,17.468,15.922,23.259,15.126,23.457,26.749,8.717,6.587
5350520.11,4856,12143,15.688,78.644,15.613,18.826,21.162,17.277,25,27.941,0,8.565
5350520.12,5010,62782,19.391,87.919,18.631,22.764,30.738,18.717,21.25,33.75,0,10.13
5350521.01,5504,27589,13.455,72.429,20.13,12.739,20.315,17.526,25.581,23.256,8.803,12.224
5350521.02,3404,3957.7,3.634,42.09,17.561,6.531,14.286,17.797,23.077,23.077,8.721,8.481
5350521.03,4787,7653.1,8.404,76.489,21.622,9.798,19.253,16.256,30.357,33.929,8.4,7.743
5350521.04,6542,5085.1,8.983,42.868,20.643,10.323,15.975,20.172,40.157,29.921,7.121,8.935
5350521.05,4248,5673.8,6.928,53.518,24.359,13.264,30.859,17.197,33.544,26.582,19.811,6.667
5350521.06,5540,8963,17.089,64.376,20.27,14.014,28.545,20,29.851,30.149,8.118,8.539
5350522.00,6034,3452.3,4.312,36.982,17.241,6.971,15.789,14.851,32.967,20.879,7.143,10.208
5350523.00,6084,5176.6,5.094,38.62,23.894,10.271,19.056,16.583,34.902,34.51,8.511,8.861
5350524.01,4658,5783.5,3.337,51.078,20.913,4.957,15.89,16.571,22.857,20,6.897,9.647
5350524.02,3569,5721.4,8.523,40.341,17.949,14.773,19.492,14.851,44.628,30.579,9.091,7.746
5350525.01,3274,6302.2,7.256,53.712,25,12.006,19.162,13.178,37.374,21.212,10,7.985
5350525.02,4207,2347.4,7.092,42.722,20.796,14.083,23.598,22.388,36.269,27.461,9.217,7.716
5350526.01,5810,7667.9,9.294,57.229,24.528,12.651,20.207,17.829,36.765,26.471,8.581,8.176
5350526.02,3502,4342.2,9.637,48.045,19.577,10.894,22.701,28.03,32.961,28.492,10.286,10.653
5350527.02,4904,4228.3,3.621,35.676,13.83,6.489,14.487,9.655,21.918,21.918,6.542,5.476
5350527.04,5615,3371,3.975,27.125,15.408,3.797,11.464,8.947,21.905,21.905,5.224,9.091
5350527.05,5369,3250.6,4.82,37.429,17.028,5.577,13.504,15.698,28.378,16.216,6.612,9.479
5350527.06,3606,3399.3,3.217,44.336,20.814,4.476,15.228,12.5,28.261,21.739,7.143,8.738
5350527.07,4775,3674.5,5.729,47.445,24.735,7.195,16.633,15.676,24.39,21.951,8.738,9.048
5350527.08,4069,3355,4.884,66.11,15.546,7.584,16.628,17.219,25,39.286,9.5,11.207
5350527.09,3312,1734.7,3.868,66.284,20.101,8.895,18.208,15.108,22.222,24.444,8.075,11.803
5350527.10,4657,3117.1,22.483,78.275,17.886,23.852,25.793,13.656,27.039,39.485,0,7.176
5350527.11,10056,10397,19.208,79.752,16.094,20.594,23.591,15.429,26.012,36.416,0,9.938
5350527.12,4671,4114.7,8.484,57.097,18.116,8.051,18.087,21.212,30.864,33.333,0,7.436
5350527.13,4060,25233.1,19.413,77.905,19.417,19.413,22.222,15.385,22.156,36.527,0,8.376
5350528.01,5534,4197.5,5.43,71.493,14.107,5.43,18.974,12.605,29.167,29.167,6.618,11.135
5350528.11,5232,23989,9.387,73.397,16.933,13.589,23.738,16.535,28.125,32.292,9.055,8.838
5350528.12,5477,3772.3,4.84,76.621,13.505,6.307,16.523,10.714,20.69,24.138,7.09,13.025
5350528.13,3397,2346.8,3.945,61.212,9.375,5.909,15.759,13.376,0,0,6.667,11.945
5350528.15,4194,4699.2,2.973,80.262,18.487,5.47,20.474,14.286,16.279,18.605,7.944,12.091
5350528.16,5079,5856.1,6.589,83.026,15,8.632,18.216,14.815,26.19,23.81,6.844,11.597
5350528.18,6633,4287.1,5.576,71.289,15.119,5.43,16.04,9.492,16.049,20.988,6.571,11.793
5350528.19,5068,6580.1,6.022,82.626,16.263,6.522,19.892,14.078,26.087,26.087,8.178,9.414
5350528.20,5726,1764,3.923,78.64,15.741,8.37,21.835,14.644,33.962,22.642,8.633,11
5350528.21,4781,3439.3,10.472,88.838,26.941,19.931,29.672,15.411,25,26.613,10.811,14.43
5350528.22,6329,4594.9,6.144,91.343,15.738,13.835,26.586,14.25,21.591,19.318,12.121,15.568
5350528.24,4983,1072.9,6.921,80.441,14.533,7.924,17.009,12.381,27.66,34.043,7.358,9.456
5350528.26,6807,10719.7,11.439,82.448,27.11,13.21,25.551,16.993,25.301,25.301,9.455,9.899
5350528.31,6442,7811.3,7.377,81.148,19.217,15.328,27.995,10.761,39,45,11.513,20.408
5350528.32,4088,2097.2,6.198,72.586,13.974,4.286,15.068,9.402,0,0,7.391,10.588
5350528.33,6224,2461.1,4.98,66.988,12.394,5.949,16.716,10.204,18.421,15.789,7.018,11.052
5350528.34,5810,1738.6,5.426,71.429,16.964,5.857,14.928,10.861,17.647,26.471,5.901,10.201
5350528.35,3056,203.3,3.426,70.684,14.201,4.886,16.156,16.296,0,25,7.921,11.034
5350528.39,6827,1151.8,4.717,65.99,11.376,3.626,9.871,10,0,25,4.813,8.984
5350528.40,6071,1732,4.942,69.11,13.569,5.107,13.897,11.888,16.667,20.833,5.994,10.208
5350528.42,5315,4572.4,8.756,89.96,14.13,6.561,19.023,16.863,19.048,21.429,8.451,10.583
5350528.43,4975,6943.5,6.316,81.493,13.158,3.895,17.757,15.534,15.625,28.125,7.605,7.759
5350528.44,1887,2759.6,2.817,51.404,16.522,6.742,12.745,7.042,0,40,5.102,10.227
5350528.45,5454,5538.7,5.54,74.608,28.254,6.833,23.408,14.719,21.739,15.942,8.834,9.524
5350528.46,6862,7750.2,7.502,86.006,14.247,7.143,19.098,12.717,23.81,30.952,8.284,9.217
5350528.47,5044,3135.3,5.055,75.298,19.788,8.234,18.304,14.118,25.49,21.569,6.884,12.472
5350528.49,4740,2717,9.31,71.084,10.04,4.491,12.474,9.813,17.241,24.138,6.154,10.835
5350528.50,3385,6191.7,8.405,91.155,13.69,18.973,27.941,15.663,19.149,12.766,0,19.088
5350528.51,4420,7803.7,8.382,98.485,10,17.811,28.597,11.486,23.81,23.81,0,15.949
5350528.52,6489,1936.3,7.416,87.529,13.218,9.105,18.158,15.217,25.926,31.481,0,14.943
5350528.53,2554,490,2.395,80.677,9.091,3.187,15.909,11.579,0,0,0,6.667
5350528.54,2935,2092.8,8.262,94.664,9.868,5.345,19.02,15.436,0,0,0,9.158
5350528.55,4761,5316.6,8.455,91.971,12.648,5.219,18.232,12.346,8.824,14.706,0,10.177
5350528.56,3455,5608.8,3.863,79.971,18.593,7.153,18.786,15.294,23.81,20.635,0,9.302
5350528.57,4104,4431,5.049,83.621,14.286,7.266,20.607,11.957,24,18,0,11.561
5350528.58,4073,4634.2,4.317,65.906,13.808,5.762,18.462,13.143,16.667,25,0,8.377
5350528.59,4224,6647.8,8.364,87.288,13.656,7.869,20.086,14.796,26.667,28.333,0,10.027
5350528.60,3626,5710.2,9.61,77.469,16.667,13.37,19.312,11.565,45.714,25.714,0,10.725
5350528.61,4026,6786.9,7.623,71.539,22.12,8.15,22.44,10.976,20.225,32.584,0,12.5
5350528.62,1778,40.7,3.947,94.059,34.091,20.462,28.829,25,25,18.182,0,11.628
5350528.63,5942,495.1,6.209,88.079,13.636,5.965,17.523,10.526,13.333,26.667,0,12.014
5350529.01,4097,4096.6,10.749,84.541,19.372,21.981,28.884,12.955,27.273,17.045,14.623,17.663
5350529.02,4675,5890.1,8.315,86.3,23.176,18.035,30.624,19.048,30.469,23.438,11.554,14.615
5350530.01,5217,6175.4,10.496,85.214,35.039,13.217,28.79,21.122,27.907,15.116,14.079,14.286
5350530.02,3117,7798.3,10.031,87.441,28.662,16.327,26.911,9.211,34.483,33.333,11.392,7.942
5350531.01,4106,6144.9,9.964,87.915,30.288,15.877,26.77,18.304,33.962,17.925,13.1,13.032
5350531.02,6405,4800.6,6.434,85.056,20.846,14.706,23.967,20.536,26.374,15.385,10.479,14.312
5350532.01,4319,5211.1,5.979,88.173,17.209,13.934,25.051,14.559,19.444,13.889,13.004,15.802
5350532.02,4508,6545.7,10.088,88.158,23.874,16.447,27.692,16.602,28.713,21.782,13.525,16.628
5350540.01,4850,3116.6,4.357,22.66,22.083,12.234,16.444,16.547,35.168,36.086,7.725,10.773
5350540.02,5658,5208,2.543,24.138,20.333,11.615,13.412,11.413,31.597,34.722,5.166,6.625
5350550.01,4672,617.2,5.28,38.685,18.478,4.957,11.156,10.714,14.286,19.048,5.882,9.011
5350550.02,7557,2527.5,5.969,45.205,17.536,7.176,15.963,18.4,33.333,28.788,5.615,10.061
5350560.00,6482,1567.7,6.713,55.71,23.099,9.722,20.55,16.187,32.759,27.586,8.333,8.968
5350561.00,6821,1476.3,8.432,66.124,25.648,12.509,21.614,19.277,27.064,24.771,9.117,9.897
5350562.02,6521,3187.2,4.375,57.45,17.38,6.677,15.462,15.985,30.952,30.952,7.074,11.433
5350562.03,5071,4748.1,8.852,64.043,28.772,10.019,17.416,16.456,23.913,22.826,8.434,10.46
5350562.04,4830,4619.4,5.64,61.972,19.615,7.484,16.562,18.095,21.739,21.739,9.375,11.06
5350562.05,5930,4579.5,10.324,67.891,25.697,11.016,17.547,18.723,31.724,28.276,6.762,8.209
5350562.06,3056,3614.4,7.02,65.523,16.022,5.148,14.11,14.789,17.857,21.429,6.081,8.303
5350562.07,4600,4148.3,7.883,63.667,19.92,10.236,18.295,14.851,27.083,20.833,7.759,9.602
5350562.08,4201,4039.4,4.637,54.34,24.153,8.68,14.773,19.072,28.205,28.205,6.573,10.263
5350562.09,4023,4029.9,4.857,54.738,21.053,6.608,16.707,16.76,9.091,0,6.599,10.363
5350562.11,3110,4020.7,5.512,56.378,19.075,5.984,17.028,12.097,23.81,33.333,6.289,4.667
5350562.12,7158,7836.7,14.66,77.212,30.867,13.871,21.614,25.896,31.808,28.375,8.876,8.031
5350562.13,1192,200,10,74.4,22.388,8.4,13.492,10.345,0,0,6.452,8.871
5350562.14,3889,3939,4.987,68.838,15.351,5.109,15.122,22.5,31.818,22.727,7.447,11.299
5350562.15,3624,3739.6,4.028,74.583,22.059,7.361,17.975,17.816,34.043,27.66,9.524,14.545
5350563.01,6622,7717.9,11.154,86.164,36.023,15.911,27.924,17.358,32.852,18.773,10.272,11.842
5350563.02,3396,3354.4,6.489,65.5,24.138,8.819,16.294,19.531,17.647,17.647,9.677,6.597
5350564.01,2351,2792.5,5.556,50.855,21.538,9.829,20.079,9.091,16,24,8,13.362
5350564.02,4893,5341.1,9.509,73.006,25.2,13.088,22.306,16.667,23.077,25.641,8.725,7.775
5350570.01,4012,492.5,9.266,68.943,39.487,16.108,26.263,24.49,34.524,26.19,10.145,8.464
5350570.02,4200,3201.5,4.348,30.665,12.273,3.528,10.687,15.217,14.286,19.048,3.977,10.894
5350571.01,3838,5259.7,7.497,64.295,35,15.883,27.366,23.28,37.748,25.828,8.92,8.986
5350571.02,4308,3178.6,4.839,36.6,18.696,10.546,17.102,16.535,50,36.765,6.897,5.949
5350572.01,7707,3680,6.413,45.063,26.463,13.047,20.548,17.647,26.923,24.176,8.84,9.446
5350572.04,3388,4221.3,4.897,69.826,22.84,14.376,22.286,13.636,25.714,31.429,8.434,12.541
5350572.05,6290,7678.2,14.475,75.6,22.086,14.227,23.333,21.923,26.23,23.934,10.398,11.964
5350572.07,4650,3890.2,9.341,85.495,16.738,15.275,23.704,12.681,7.843,11.765,10.121,11.655
5350572.08,5661,6556.6,7.244,90.194,14.559,18.993,29.757,23.077,18.182,15.909,12.131,19.202
5350572.09,4674,2776.9,8.55,83.424,16.064,7.584,17.048,16.746,31.818,27.273,8.627,7.205
5350572.10,3567,7368.3,7.143,84.174,16.848,8.531,19.86,15.837,32,28,7.576,7.772
5350573.03,6410,4578.6,7.282,65.696,22.255,8.738,21.076,17.314,22.33,22.33,8.982,7.745
5350573.05,5978,4300.1,6.518,56.175,18.38,10.892,19.876,14.841,24.286,28.571,7.047,13.002
5350573.06,4611,5600,5.134,73.825,18.391,4.594,14.58,13.613,25,30,6.198,9.247
5350573.07,6129,3980.6,6.051,54.984,27.976,13.644,21.188,17.899,31.28,28.91,8.654,10.155
5350573.09,6086,4411.7,9.183,80.455,20.447,10.101,20.427,16.443,23.188,28.986,9.259,11.385
5350573.10,3168,3938.8,8.026,82.315,16.384,4.502,19.048,18.382,40,26.667,7.362,7.636
5350573.11,4944,7266.3,9,88.488,19.245,7.207,17.923,18.44,27.273,21.212,8.602,12.395
5350574.00,6640,3369.4,4.922,37.734,22.222,11.181,19.872,14.706,30.06,34.821,6.897,8.784
5350575.01,5985,4973.8,8.521,62.322,27.019,11.696,21.266,16.045,37.692,29.231,8.966,12.214
5350575.02,4910,4908.5,11.087,57.974,28.455,17.869,23.579,19.075,35.06,25.1,9.312,11.325
5350575.03,6598,6133.1,8.788,68.258,24.207,10.379,20.93,19.497,26.316,23.684,9.249,12.187
5350575.04,6562,4181.5,8.12,58.077,24.642,10.894,19.403,19.799,21.951,23.171,7.362,11.585
5350575.05,6956,4497.6,8.964,71.271,22.68,7.788,15.89,19.521,20.755,26.415,8.356,9.063
5350575.07,3967,5372.4,8.176,92.075,11.628,6.541,19.162,12.042,13.636,22.727,8.734,8.451
5350575.08,5669,5675.8,6.007,72.615,18.361,9.091,19.669,9.665,18.31,23.944,8.609,12.405
5350576.04,4529,1403.3,4.851,47.299,13.333,5.292,11.603,13.661,25,0,4.608,7.621
5350576.05,6834,4473.7,6.517,73.333,18.132,9.738,18.908,19.436,27.586,24.138,8.14,11.232
5350576.06,8244,3404.8,9.472,71.038,18.201,8.44,15.982,16.209,19.048,25,8.019,9.031
5350576.07,4495,1271.6,8.597,67.345,18.327,8.136,16.529,18.75,20.588,29.412,7.595,9.824
5350576.09,3966,2117.8,5.658,36.842,13.393,5.534,11.724,13.534,31.818,18.182,3.784,11.446
5350576.16,6366,6462.9,8.013,86.95,16.667,8.412,19.481,11.963,25,22.727,9.786,10.727
5350576.17,6724,5716.2,7.589,89.963,15.702,9.071,21.004,14.157,22.917,20.833,9.358,12.737
5350576.20,6606,6788.6,8.05,93.111,14.943,7.43,21.429,12.465,14.815,16.667,9.893,12.287
5350576.22,7297,4211.6,9.047,89.719,15.09,8.156,21.128,15.897,17.857,23.214,9.383,11.243
5350576.29,4160,5694.7,9.289,85.911,15.837,8.018,17.797,20,20.833,25,8.898,10.952
5350576.31,3726,2360.5,3.071,42.457,11.06,4.406,11.78,12.987,42.857,38.095,4.624,10.089
5350576.33,2624,3474.1,6.334,54.511,16.556,9.231,15.884,11.881,0,0,5.469,14.043
5350576.34,5987,3347.9,8.917,77.769,18.788,7.077,16.987,13.308,14.286,22.857,7.965,12.278
5350576.43,6487,4627.6,8.906,83.594,17.416,6.562,18.381,10.033,21.053,21.053,8.625,9.587
5350576.44,2727,3121.2,7.282,75.844,16.129,4.085,15.152,15.625,0,0,6.338,12.308
5350576.45,2816,5154.7,8.696,91.115,14.103,7.13,20.213,15.972,33.333,33.333,8.392,14.981
5350576.46,5286,7750.7,8.604,91.483,15.088,9.856,18.612,10.545,20.513,15.385,9.241,13.442
5350576.47,4274,2757.1,2.53,93.253,9.829,4.101,17.595,16.832,25,41.667,6.103,14.577
5350576.49,5144,6810.5,8.789,85.756,16.484,5.366,17.53,17.241,13.793,17.241,9.091,11.304
5350576.50,6726,5501.8,5.93,87.398,15.642,7.413,18.911,15.625,14.286,14.286,9.067,10.94
5350576.52,5738,6410.5,7.307,86.916,16.887,5.862,17.371,17.857,25,42.857,7.958,9.743
5350576.53,4365,5237,8.649,89.561,14.286,9.36,18.2,14.563,18.519,22.222,7.393,12.567
5350576.54,5729,2211.5,8.01,95.353,16.234,6.627,19.599,11.986,35.294,37.255,8.602,12.885
5350576.55,6734,5933.6,5.311,95.372,11.331,8.194,21.739,13.272,27.586,17.241,9.737,11.607
5350576.57,4141,1421,4.233,79.365,18.304,7.143,18.25,11.972,30,60,7.653,7.738
5350576.59,6394,6857.6,7.193,96.322,12.68,6.182,19.918,11.009,26.471,26.471,9.249,11.796
5350576.62,6824,5831,6.411,96.389,14.521,7.437,20.781,14.754,28.889,22.222,9.449,10.662
5350576.63,6577,2863.2,3.646,96.503,12.931,5.432,20.079,13.128,11.111,14.815,8.226,11.429
5350576.65,3054,2082.2,7.443,96.117,18.012,10.68,23.631,15.686,35.714,42.857,9.589,10.985
5350576.66,6457,2214.5,8.83,95.507,13.873,7.901,21.212,13.213,16.667,16.667,10.278,12.616
5350576.68,4910,4450.7,5.612,90.622,11.567,4.587,19.649,14.286,34.783,30.435,8.835,11.916
5350576.69,5710,3687.9,6.25,92.123,13.115,8.562,19.968,12.903,25.806,32.258,8.833,12.072
5350576.73,2587,118.3,2.105,76.491,10.811,5.965,16.929,10.448,0,40,0,8.421
5350576.74,8511,2540.7,4.136,97.143,7.982,4.316,20.291,14.653,0,0,0,12.807
5350576.75,6421,3748,2.948,82.713,10.452,3.724,17.324,14.716,0,0,0,8.765
5350576.76,4803,5597.2,4.507,60.314,14.286,5.55,14.516,10.4,0,0,0,11.043
5350576.77,5196,6014.6,8.169,85.025,12.635,7.488,16.638,13.964,22.222,22.222,0,9.234
5350576.78,5212,268.6,6.122,97.376,11.61,8.066,22.185,12.454,0,14.706,0,14.856
5350576.79,2684,277.6,8.318,93.704,15.232,7.579,20.679,17.293,0,28.571,0,9.766
5350576.80,3248,6454.7,10.046,86.244,14.205,7.264,17.631,15.06,35.714,35.714,0,12.023
5350576.81,4741,6891,10.211,92.947,15.663,6.737,18.696,12.34,21.429,0,0,11.111
5350576.82,5296,6695.3,3.455,95.873,13.718,4.319,20.82,17.832,17.391,30.435,0,7.604
5350576.83,2549,6329.8,5.019,94.971,12.5,7.336,21.786,18.248,0,0,0,13.575
5350576.84,5595,3311,9.173,95.368,13.861,8.273,18.153,11.055,16.667,28.571,0,8.844
5350576.85,6827,6255.8,7.242,94.294,13.223,7.247,19.643,12.778,19.565,26.087,0,10.656
5350576.86,4443,5169.3,7.641,97.674,12.971,5.42,20.152,10.573,27.778,22.222,0,11.719
5350576.87,4013,4172.8,2.668,89.835,10.502,4.447,19.49,18.367,21.053,31.579,0,11.144
5350576.88,4353,7595.5,6.867,97.353,13.478,6.137,19.746,16.923,22.222,27.778,0,10
5350576.89,3694,5520,6.675,96.791,13.472,7.445,18.945,16.99,47.059,29.412,0,11.045
5350576.90,3930,2876,8.257,84.293,13.333,7.339,21.46,10.778,37.5,41.667,0,12.048
5350576.91,12629,596.9,7.355,87.207,9.551,6.377,16.4,14.931,18.447,28.155,0,10.45
5350576.92,5764,1602.1,5.333,71.886,12.979,6.933,16.667,14.917,15.556,37.778,0,9.898
5350576.93,8477,3789.6,9.123,92.407,15.438,8.829,20.761,13.544,10.714,17.857,0,15.099
5350576.94,4490,4593.4,8.446,95.941,11.489,6.539,21.304,15.044,28.125,31.25,0,12.997
5350576.95,4269,5324.9,5.629,96.354,10.86,9.061,20.275,12.796,13.333,30,0,9.418
5350576.96,7097,6855.7,7.232,91.74,12.5,6.342,19.864,11.579,25.641,46.154,0,11.532
5350576.97,4351,4431.2,5.336,96.752,11.404,5.22,20.682,13.333,18.182,31.818,0,9.14
5350576.98,29669,4371.7,13.051,93.458,13.914,8.443,18.832,15.759,22.305,42.007,0,11.111
5350576.99,5773,411.1,11.759,88.696,15.094,6.922,17.058,13.333,12.698,34.921,0,9.266
5350577.00,9294,4653.3,11.528,95.174,11.179,9.003,19.944,14.483,18.519,34.568,0,15.505
5350577.01,3270,5422,9.713,87.56,15.909,10.048,18.09,15,18.182,40.909,0,14.658
5350577.02,5173,3492,11.882,96.768,11.808,8.935,20.635,13.025,14.286,17.857,0,8.864
5350577.03,6193,4422.6,9.121,92.851,11.875,8.964,19.75,14.43,18.182,24.242,0,14.339
5350577.04,6712,2897.8,5.123,90.693,8.011,4.11,17.639,12.5,22.222,27.778,0,8.726
5350577.05,5208,4644.6,7.553,96.275,7.801,6.495,20.657,12.033,21.622,35.135,0,13.859
5350577.06,5823,3720.5,6.752,94.705,8.307,5.897,18.713,13.245,18.182,18.182,0,12.653
5350577.07,3726,7438.6,7.62,87.834,17.5,6.417,18.321,17.033,18.75,25,0,10.836
5350577.08,4532,5765.9,9.535,81.839,13.992,8.636,16.216,12.5,26.316,15.789,0,11.99
5350577.09,3472,7206.3,15.556,88.593,17.204,4.593,15.789,14.815,20,32,0,9.91
5350585.02,6275,81.8,1.275,28.765,13.881,5.259,11.503,12.261,16.216,35.135,5.615,10.708
5350585.03,5493,672.1,1.012,11.694,15.756,4.696,9.506,8.955,24.324,31.081,3.901,8.429
5350585.05,6882,1696,0.581,8.582,13.333,2.18,6.571,12.721,22.222,33.333,2.959,10.647
5350585.07,7842,79.8,0.665,25.665,10.56,5.116,11.42,11.066,26.316,28.947,5.04,10.032
5350585.08,4020,93.9,0.461,22.607,6.751,3.118,10.577,12.821,0,0,4.294,16.86
5350585.09,5872,2319.2,0.533,10.213,14.769,4.973,7.785,11.765,41.463,41.463,4.152,11.111
5350585.10,4628,2386.6,2.575,18.562,15.152,3.008,7.375,12.037,33.333,62.5,3.518,9.457
5350586.02,3032,35.5,2.251,33.923,12.571,5.466,16.026,17.742,12.121,18.182,6.897,12.227
5350586.03,4674,58.9,5.3,64.937,11.837,8.881,17.802,12.183,16,24,0,10.511
5350586.04,6588,5607.8,4.545,79.621,11.911,3.942,15.217,10.73,38.71,35.484,0,8.845
5350586.05,9563,2586.9,4.406,67.617,11.338,4.093,12.665,10.396,10.714,21.429,0,9.261
5350587.01,6072,46,0.913,20.432,9.642,3.987,9.416,17.857,40,42.857,3.745,9.11
5350587.02,5640,37,0.975,13.552,9.329,4.694,9.765,14.085,31.25,33.333,4.58,12.086
5350802.01,4011,1844.8,2.468,59.61,14.831,2.853,11.34,9.353,0,0,3.955,9.497
5350802.02,5373,2380.6,2.106,45.28,12.422,2.839,9.324,11.828,0,27.586,3.937,9.78
